date,gcc_mean,smooth_gcc_mean
2014-08-17,,0.3592
2014-08-18,,0.3596
2014-08-19,,0.3599
2014-08-20,,0.3602
2014-08-21,,0.3604
2014-08-22,,0.3607
2014-08-23,,0.3609
2014-08-24,,0.361
2014-08-25,,0.3611
2014-08-26,,0.3612
2014-08-27,,0.3613
2014-08-28,,0.3613
2014-08-29,,0.3613
2014-08-30,,0.3613
2014-08-31,,0.3612
2014-09-01,,0.3611
2014-09-02,,0.3609
2014-09-03,,0.3607
2014-09-04,,0.3605
2014-09-05,,0.3602
2014-09-06,,0.3598
2014-09-07,,0.3594
2014-09-08,,0.359
2014-09-09,,0.3586
2014-09-10,,0.3582
2014-09-11,,0.3578
2014-09-12,,0.3574
2014-09-13,,0.3569
2014-09-14,,0.3564
2014-09-15,,0.356
2014-09-16,,0.3555
2014-09-17,,0.3551
2014-09-18,,0.3547
2014-09-19,,0.3543
2014-09-20,,0.354
2014-09-21,,0.3536
2014-09-22,,0.3533
2014-09-23,,0.353
2014-09-24,,0.3527
2014-09-25,,0.3524
2014-09-26,,0.3521
2014-09-27,,0.3518
2014-09-28,,0.3515
2014-09-29,,0.3512
2014-09-30,,0.351
2014-10-01,,0.3507
2014-10-02,,0.3504
2014-10-03,,0.3502
2014-10-04,,0.35
2014-10-05,,0.3497
2014-10-06,,0.3495
2014-10-07,,0.3493
2014-10-08,,0.3491
2014-10-09,,0.3489
2014-10-10,,0.3487
2014-10-11,,0.3486
2014-10-12,,0.3484
2014-10-13,,0.3483
2014-10-14,,0.3482
2014-10-15,,0.3481
2014-10-16,,0.348
2014-10-17,,0.3479
2014-10-18,,0.3478
2014-10-19,,0.3477
2014-10-20,,0.3476
2014-10-21,,0.3475
2014-10-22,,0.3474
2014-10-23,,0.3474
2014-10-24,,0.3473
2014-10-25,,0.3472
2014-10-26,,0.3472
2014-10-27,,0.3472
2014-10-28,,0.3473
2014-10-29,,0.3473
2014-10-30,,0.3472
2014-10-31,,0.3472
2014-11-01,,0.3471
2014-11-02,,0.3469
2014-11-03,,0.3468
2014-11-04,,0.3467
2014-11-05,,0.3465
2014-11-06,,0.3464
2014-11-07,,0.3463
2014-11-08,,0.3462
2014-11-09,,0.3461
2014-11-10,,0.346
2014-11-11,,0.346
2014-11-12,,0.3459
2014-11-13,,0.3458
2014-11-14,,0.3458
2014-11-15,0.3469,0.3457
2014-11-16,0.3438,0.3457
2014-11-17,0.3459,0.3457
2014-11-18,0.3458,0.3457
2014-11-19,0.3458,0.3458
2014-11-20,,0.3458
2014-11-21,0.3455,0.3459
2014-11-22,0.3463,0.346
2014-11-23,0.3455,0.346
2014-11-24,0.3458,0.346
2014-11-25,0.3463,0.3461
2014-11-26,0.3467,0.3461
2014-11-27,,0.3461
2014-11-28,,0.3461
2014-11-29,,0.3462
2014-11-30,,0.3462
2014-12-01,0.3466,0.3462
2014-12-02,,0.3462
2014-12-03,0.3451,0.3462
2014-12-04,,0.3462
2014-12-05,,0.3462
2014-12-06,,0.3462
2014-12-07,0.3464,0.3462
2014-12-08,,0.3462
2014-12-09,,0.3461
2014-12-10,0.3467,0.3461
2014-12-11,,0.3461
2014-12-12,,0.346
2014-12-13,,0.346
2014-12-14,,0.3459
2014-12-15,0.3466,0.3459
2014-12-16,,0.3459
2014-12-17,,0.3459
2014-12-18,0.3456,0.3459
2014-12-19,0.3443,0.3459
2014-12-20,0.3449,0.3459
2014-12-21,0.3456,0.3459
2014-12-22,0.347,0.3459
2014-12-23,0.3468,0.3459
2014-12-24,0.3467,0.346
2014-12-25,0.3456,0.346
2014-12-26,0.3455,0.3461
2014-12-27,0.3464,0.3461
2014-12-28,0.3469,0.3462
2014-12-29,0.3468,0.3462
2014-12-30,0.3463,0.3463
2014-12-31,0.3446,0.3463
2015-01-01,0.3466,0.3463
2015-01-02,0.346,0.3464
2015-01-03,0.344,0.3464
2015-01-04,0.3468,0.3464
2015-01-05,0.3476,0.3464
2015-01-06,0.348,0.3464
2015-01-07,0.3464,0.3463
2015-01-08,0.3464,0.3463
2015-01-09,,0.3463
2015-01-10,0.3469,0.3463
2015-01-11,0.3466,0.3463
2015-01-12,0.3448,0.3463
2015-01-13,0.3453,0.3463
2015-01-14,,0.3463
2015-01-15,,0.3463
2015-01-16,,0.3463
2015-01-17,0.3464,0.3463
2015-01-18,0.3471,0.3463
2015-01-19,0.3466,0.3463
2015-01-20,0.3467,0.3463
2015-01-21,0.3453,0.3463
2015-01-22,0.3456,0.3463
2015-01-23,0.3473,0.3464
2015-01-24,0.3463,0.3464
2015-01-25,0.3467,0.3464
2015-01-26,0.3467,0.3464
2015-01-27,,0.3464
2015-01-28,,0.3464
2015-01-29,0.3466,0.3464
2015-01-30,0.346,0.3464
2015-01-31,0.346,0.3464
2015-02-01,0.3461,0.3464
2015-02-02,0.347,0.3464
2015-02-03,0.3465,0.3464
2015-02-04,,0.3464
2015-02-05,0.3463,0.3465
2015-02-06,0.3463,0.3465
2015-02-07,0.3466,0.3465
2015-02-08,0.3466,0.3465
2015-02-09,0.3464,0.3466
2015-02-10,0.3466,0.3466
2015-02-11,0.3465,0.3466
2015-02-12,,0.3466
2015-02-13,0.3466,0.3465
2015-02-14,0.3465,0.3465
2015-02-15,0.3468,0.3464
2015-02-16,0.3463,0.3464
2015-02-17,0.3465,0.3464
2015-02-18,,0.3463
2015-02-19,,0.3463
2015-02-20,,0.3463
2015-02-21,0.3466,0.3462
2015-02-22,,0.3462
2015-02-23,,0.3461
2015-02-24,,0.3461
2015-02-25,,0.346
2015-02-26,,0.346
2015-02-27,0.3444,0.346
2015-02-28,,0.346
2015-03-01,0.3466,0.3461
2015-03-02,0.3456,0.3461
2015-03-03,0.3454,0.3462
2015-03-04,0.346,0.3462
2015-03-05,0.3475,0.3462
2015-03-06,0.347,0.3463
2015-03-07,0.3467,0.3463
2015-03-08,0.3467,0.3464
2015-03-09,0.3459,0.3464
2015-03-10,0.3462,0.3464
2015-03-11,0.3462,0.3465
2015-03-12,0.3464,0.3465
2015-03-13,0.3461,0.3465
2015-03-14,0.3468,0.3465
2015-03-15,0.3476,0.3465
2015-03-16,0.3464,0.3466
2015-03-17,0.3458,0.3466
2015-03-18,0.3464,0.3466
2015-03-19,0.3465,0.3466
2015-03-20,0.3461,0.3466
2015-03-21,0.3473,0.3467
2015-03-22,0.3465,0.3467
2015-03-23,0.3469,0.3467
2015-03-24,0.3476,0.3468
2015-03-25,0.3467,0.3468
2015-03-26,0.3468,0.3469
2015-03-27,0.3467,0.3469
2015-03-28,0.3466,0.347
2015-03-29,0.3468,0.347
2015-03-30,0.3472,0.3471
2015-03-31,0.3471,0.3472
2015-04-01,0.3473,0.3472
2015-04-02,0.347,0.3472
2015-04-03,0.347,0.3473
2015-04-04,0.3476,0.3473
2015-04-05,0.3481,0.3474
2015-04-06,0.3476,0.3474
2015-04-07,0.3474,0.3474
2015-04-08,0.3473,0.3475
2015-04-09,0.3474,0.3475
2015-04-10,0.3473,0.3475
2015-04-11,0.3475,0.3475
2015-04-12,0.3477,0.3475
2015-04-13,0.3477,0.3474
2015-04-14,0.3473,0.3474
2015-04-15,0.348,0.3474
2015-04-16,0.3472,0.3474
2015-04-17,0.3475,0.3474
2015-04-18,0.3472,0.3474
2015-04-19,0.3471,0.3474
2015-04-20,0.3473,0.3474
2015-04-21,0.3473,0.3474
2015-04-22,0.3478,0.3474
2015-04-23,0.3476,0.3474
2015-04-24,0.3472,0.3475
2015-04-25,0.3473,0.3475
2015-04-26,0.3467,0.3476
2015-04-27,0.3477,0.3477
2015-04-28,0.3471,0.3478
2015-04-29,0.3479,0.348
2015-04-30,0.348,0.3481
2015-05-01,0.3487,0.3483
2015-05-02,0.3485,0.3484
2015-05-03,0.3488,0.3485
2015-05-04,0.3488,0.3486
2015-05-05,0.3499,0.3488
2015-05-06,0.3494,0.3489
2015-05-07,0.3492,0.349
2015-05-08,0.3488,0.3491
2015-05-09,0.3483,0.3492
2015-05-10,0.3491,0.3493
2015-05-11,0.3491,0.3494
2015-05-12,0.3493,0.3494
2015-05-13,0.3495,0.3495
2015-05-14,0.35,0.3496
2015-05-15,0.3498,0.3496
2015-05-16,0.3492,0.3497
2015-05-17,0.3495,0.3498
2015-05-18,0.35,0.3498
2015-05-19,,0.3499
2015-05-20,,0.35
2015-05-21,,0.3501
2015-05-22,,0.3501
2015-05-23,,0.35
2015-05-24,,0.3499
2015-05-25,,0.3498
2015-05-26,,0.3496
2015-05-27,,0.3495
2015-05-28,,0.3494
2015-05-29,,0.3492
2015-05-30,,0.349
2015-05-31,,0.3488
2015-06-01,,0.3485
2015-06-02,,0.3483
2015-06-03,,0.3481
2015-06-04,,0.348
2015-06-05,,0.3479
2015-06-06,,0.3478
2015-06-07,,0.3474
2015-06-08,,0.3468
2015-06-09,,0.3462
2015-06-10,,0.3456
2015-06-11,,0.345
2015-06-12,,0.3447
2015-06-13,,0.3446
2015-06-14,,0.3446
2015-06-15,,0.3446
2015-06-16,,0.3446
2015-06-17,,0.3446
2015-06-18,,0.3448
2015-06-19,,0.3453
2015-06-20,,0.3461
2015-06-21,,0.3474
2015-06-22,,0.3489
2015-06-23,0.3507,0.3502
2015-06-24,0.3501,0.3515
2015-06-25,0.3525,0.3527
2015-06-26,0.3543,0.3538
2015-06-27,0.3567,0.3549
2015-06-28,0.3569,0.3559
2015-06-29,0.3581,0.3568
2015-06-30,0.358,0.3578
2015-07-01,0.3583,0.3588
2015-07-02,0.3607,0.3598
2015-07-03,0.3615,0.3608
2015-07-04,0.3619,0.3619
2015-07-05,0.3617,0.3629
2015-07-06,0.3624,0.3638
2015-07-07,0.3621,0.3647
2015-07-08,0.3613,0.3656
2015-07-09,0.3648,0.3666
2015-07-10,0.3676,0.3676
2015-07-11,0.3687,0.3685
2015-07-12,0.3705,0.3692
2015-07-13,0.371,0.3697
2015-07-14,0.3712,0.3702
2015-07-15,0.3731,0.3706
2015-07-16,0.3731,0.3709
2015-07-17,0.3762,0.3711
2015-07-18,0.3722,0.3712
2015-07-19,0.3726,0.3711
2015-07-20,0.3708,0.371
2015-07-21,0.3696,0.3708
2015-07-22,0.3694,0.3707
2015-07-23,0.3691,0.3705
2015-07-24,0.3681,0.3703
2015-07-25,0.368,0.3702
2015-07-26,0.3658,0.3701
2015-07-27,0.3656,0.3699
2015-07-28,0.3658,0.3697
2015-07-29,0.3666,0.3695
2015-07-30,0.3739,0.3692
2015-07-31,0.3727,0.3689
2015-08-01,0.3731,0.3685
2015-08-02,0.3754,0.368
2015-08-03,0.3698,0.3675
2015-08-04,0.3668,0.3668
2015-08-05,0.3648,0.3662
2015-08-06,0.3641,0.3655
2015-08-07,0.3645,0.3648
2015-08-08,0.3655,0.3641
2015-08-09,0.363,0.3635
2015-08-10,0.3624,0.3628
2015-08-11,0.3596,0.362
2015-08-12,0.3587,0.3611
2015-08-13,0.3582,0.3602
2015-08-14,0.3567,0.3594
2015-08-15,,0.3587
2015-08-16,,0.3582
2015-08-17,0.361,0.358
2015-08-18,0.36,0.358
2015-08-19,0.3582,0.3584
2015-08-20,0.3587,0.3589
2015-08-21,0.3579,0.3595
2015-08-22,0.3584,0.3603
2015-08-23,0.3581,0.361
2015-08-24,0.3565,0.3616
2015-08-25,0.3563,0.3622
2015-08-26,0.3647,0.3627
2015-08-27,0.3666,0.3635
2015-08-28,0.3673,0.3644
2015-08-29,0.3675,0.3653
2015-08-30,0.3665,0.3662
2015-08-31,0.3685,0.3669
2015-09-01,0.3684,0.3674
2015-09-02,0.3685,0.3676
2015-09-03,0.3677,0.3674
2015-09-04,0.3683,0.3671
2015-09-05,0.3691,0.3666
2015-09-06,0.3678,0.3659
2015-09-07,0.367,0.3651
2015-09-08,0.3661,0.3643
2015-09-09,0.3635,0.3634
2015-09-10,0.3629,0.3627
2015-09-11,0.3599,0.3618
2015-09-12,0.3585,0.3606
2015-09-13,0.3578,0.3593
2015-09-14,0.3578,0.3581
2015-09-15,0.3568,0.3572
2015-09-16,0.3558,0.3563
2015-09-17,0.3551,0.3554
2015-09-18,0.354,0.3544
2015-09-19,0.3529,0.3537
2015-09-20,0.3522,0.353
2015-09-21,0.3508,0.3525
2015-09-22,0.353,0.352
2015-09-23,0.3533,0.3516
2015-09-24,0.352,0.3512
2015-09-25,0.3509,0.3508
2015-09-26,0.3502,0.3505
2015-09-27,0.3497,0.3502
2015-09-28,0.3494,0.35
2015-09-29,0.3502,0.3498
2015-09-30,0.3497,0.3497
2015-10-01,0.3499,0.3496
2015-10-02,0.3495,0.3496
2015-10-03,0.3495,0.3495
2015-10-04,0.3479,0.3495
2015-10-05,0.3482,0.3494
2015-10-06,0.349,0.3493
2015-10-07,0.3491,0.3493
2015-10-08,0.3508,0.3493
2015-10-09,0.3505,0.3493
2015-10-10,0.3502,0.3493
2015-10-11,0.3501,0.3493
2015-10-12,0.3496,0.3493
2015-10-13,0.3491,0.3493
2015-10-14,0.3492,0.3493
2015-10-15,0.3492,0.3492
2015-10-16,0.3484,0.3492
2015-10-17,0.349,0.3492
2015-10-18,0.3491,0.3492
2015-10-19,0.3484,0.3492
2015-10-20,0.3481,0.3492
2015-10-21,0.349,0.3492
2015-10-22,0.3496,0.3492
2015-10-23,0.3497,0.3492
2015-10-24,0.3503,0.3493
2015-10-25,0.3497,0.3493
2015-10-26,0.3496,0.3494
2015-10-27,0.3495,0.3494
2015-10-28,0.349,0.3494
2015-10-29,0.3494,0.3495
2015-10-30,0.3487,0.3494
2015-10-31,0.3497,0.3494
2015-11-01,0.3498,0.3494
2015-11-02,0.3495,0.3494
2015-11-03,0.3494,0.3493
2015-11-04,0.3492,0.3493
2015-11-05,0.3491,0.3492
2015-11-06,0.3493,0.3492
2015-11-07,0.349,0.3492
2015-11-08,0.3492,0.3491
2015-11-09,0.3493,0.3491
2015-11-10,0.3491,0.349
2015-11-11,0.3491,0.349
2015-11-12,0.3487,0.349
2015-11-13,0.3488,0.3489
2015-11-14,0.3491,0.3489
2015-11-15,0.3477,0.3488
2015-11-16,0.3483,0.3488
2015-11-17,0.3489,0.3487
2015-11-18,0.349,0.3486
2015-11-19,0.3489,0.3486
2015-11-20,0.3491,0.3485
2015-11-21,0.3487,0.3485
2015-11-22,0.3487,0.3484
2015-11-23,0.3489,0.3484
2015-11-24,0.3489,0.3484
2015-11-25,0.3476,0.3484
2015-11-26,0.3483,0.3484
2015-11-27,0.3469,0.3484
2015-11-28,0.3473,0.3484
2015-11-29,0.3484,0.3484
2015-11-30,0.3482,0.3484
2015-12-01,0.3485,0.3484
2015-12-02,0.3485,0.3483
2015-12-03,0.3487,0.3483
2015-12-04,0.3485,0.3482
2015-12-05,0.3488,0.3481
2015-12-06,0.3488,0.348
2015-12-07,0.3486,0.348
2015-12-08,0.3487,0.3479
2015-12-09,0.3489,0.3478
2015-12-10,0.3489,0.3478
2015-12-11,0.3469,0.3478
2015-12-12,0.3468,0.3478
2015-12-13,0.3435,0.3478
2015-12-14,0.3451,0.3478
2015-12-15,0.3475,0.3478
2015-12-16,0.3482,0.3477
2015-12-17,0.3483,0.3476
2015-12-18,0.3486,0.3475
2015-12-19,0.3475,0.3473
2015-12-20,0.3485,0.3471
2015-12-21,0.3485,0.3469
2015-12-22,0.347,0.3467
2015-12-23,0.3473,0.3465
2015-12-24,0.3479,0.3462
2015-12-25,0.3482,0.346
2015-12-26,0.3458,0.3458
2015-12-27,0.3448,0.3455
2015-12-28,0.3446,0.3451
2015-12-29,0.3432,0.3447
2015-12-30,0.3441,0.3443
2015-12-31,0.3429,0.344
2016-01-01,0.3425,0.3438
2016-01-02,0.3429,0.3437
2016-01-03,0.3436,0.3438
2016-01-04,0.3424,0.344
2016-01-05,0.3433,0.3443
2016-01-06,0.3437,0.3446
2016-01-07,0.3442,0.345
2016-01-08,0.3441,0.3454
2016-01-09,0.3466,0.3458
2016-01-10,0.3476,0.3461
2016-01-11,0.3478,0.3464
2016-01-12,0.3481,0.3467
2016-01-13,0.3481,0.3471
2016-01-14,0.3486,0.3475
2016-01-15,0.3476,0.3479
2016-01-16,0.3486,0.3482
2016-01-17,0.3488,0.3485
2016-01-18,0.3486,0.3487
2016-01-19,0.3486,0.3488
2016-01-20,0.3486,0.3488
2016-01-21,0.3485,0.3488
2016-01-22,0.349,0.3488
2016-01-23,0.3486,0.3488
2016-01-24,0.3487,0.3488
2016-01-25,0.3484,0.3487
2016-01-26,0.3484,0.3486
2016-01-27,0.3485,0.3485
2016-01-28,0.3488,0.3485
2016-01-29,0.3489,0.3485
2016-01-30,0.3487,0.3484
2016-01-31,0.3488,0.3484
2016-02-01,0.3474,0.3484
2016-02-02,0.3478,0.3484
2016-02-03,0.348,0.3483
2016-02-04,0.3476,0.3483
2016-02-05,0.348,0.3483
2016-02-06,0.3489,0.3483
2016-02-07,0.3485,0.3483
2016-02-08,0.3484,0.3484
2016-02-09,0.3485,0.3484
2016-02-10,0.3485,0.3484
2016-02-11,0.3486,0.3484
2016-02-12,0.3485,0.3484
2016-02-13,0.3486,0.3484
2016-02-14,0.3479,0.3483
2016-02-15,0.3486,0.3483
2016-02-16,0.3485,0.3483
2016-02-17,0.3484,0.3482
2016-02-18,0.3485,0.3482
2016-02-19,0.3482,0.3481
2016-02-20,0.3485,0.3481
2016-02-21,0.3484,0.3481
2016-02-22,0.347,0.3481
2016-02-23,0.3469,0.3481
2016-02-24,0.3478,0.3481
2016-02-25,0.3481,0.348
2016-02-26,0.3482,0.348
2016-02-27,0.3481,0.348
2016-02-28,0.3482,0.348
2016-02-29,0.3481,0.348
2016-03-01,0.3484,0.348
2016-03-02,0.3483,0.3481
2016-03-03,0.3483,0.3481
2016-03-04,0.3483,0.3481
2016-03-05,0.3483,0.3481
2016-03-06,0.3484,0.3482
2016-03-07,0.3476,0.3482
2016-03-08,0.3476,0.3482
2016-03-09,0.348,0.3482
2016-03-10,0.3482,0.3482
2016-03-11,0.3484,0.3482
2016-03-12,0.3482,0.3482
2016-03-13,0.3482,0.3482
2016-03-14,0.3484,0.3482
2016-03-15,0.3479,0.3482
2016-03-16,0.3484,0.3482
2016-03-17,0.3483,0.3482
2016-03-18,0.3487,0.3482
2016-03-19,0.3483,0.3481
2016-03-20,0.3474,0.3481
2016-03-21,0.3482,0.3481
2016-03-22,0.3484,0.3481
2016-03-23,0.348,0.3481
2016-03-24,0.3483,0.3481
2016-03-25,0.3477,0.3481
2016-03-26,0.3481,0.3481
2016-03-27,0.3482,0.3481
2016-03-28,0.3484,0.3481
2016-03-29,0.3475,0.3482
2016-03-30,0.3477,0.3482
2016-03-31,0.3483,0.3482
2016-04-01,0.3484,0.3483
2016-04-02,0.3483,0.3483
2016-04-03,0.3485,0.3484
2016-04-04,0.3486,0.3485
2016-04-05,0.3488,0.3485
2016-04-06,0.3487,0.3486
2016-04-07,0.3489,0.3487
2016-04-08,0.3489,0.3488
2016-04-09,0.3485,0.3489
2016-04-10,0.3487,0.349
2016-04-11,0.349,0.3491
2016-04-12,0.3497,0.3492
2016-04-13,0.3493,0.3494
2016-04-14,0.3497,0.3495
2016-04-15,0.3497,0.3496
2016-04-16,0.3493,0.3497
2016-04-17,0.3498,0.3499
2016-04-18,0.3499,0.35
2016-04-19,0.3499,0.3502
2016-04-20,0.3501,0.3503
2016-04-21,0.3505,0.3505
2016-04-22,0.351,0.3506
2016-04-23,0.3508,0.3508
2016-04-24,0.3511,0.3509
2016-04-25,0.3512,0.3511
2016-04-26,0.3513,0.3513
2016-04-27,0.3522,0.3514
2016-04-28,0.352,0.3516
2016-04-29,0.3519,0.3517
2016-04-30,0.352,0.3519
2016-05-01,0.3509,0.3521
2016-05-02,0.352,0.3523
2016-05-03,0.3524,0.3524
2016-05-04,0.3526,0.3527
2016-05-05,0.3527,0.3529
2016-05-06,0.3525,0.3531
2016-05-07,0.3529,0.3534
2016-05-08,0.3537,0.3536
2016-05-09,0.3539,0.3539
2016-05-10,0.3543,0.3541
2016-05-11,0.3546,0.3543
2016-05-12,0.3547,0.3545
2016-05-13,0.3549,0.3547
2016-05-14,0.3556,0.3548
2016-05-15,0.3547,0.355
2016-05-16,0.3548,0.3552
2016-05-17,0.3557,0.3553
2016-05-18,0.3571,0.3554
2016-05-19,0.355,0.3555
2016-05-20,0.3553,0.3556
2016-05-21,0.3554,0.3557
2016-05-22,0.3557,0.3558
2016-05-23,0.3562,0.3558
2016-05-24,0.3559,0.3558
2016-05-25,0.3551,0.3559
2016-05-26,0.3556,0.3559
2016-05-27,0.3559,0.3559
2016-05-28,0.3554,0.356
2016-05-29,0.3556,0.356
2016-05-30,0.3561,0.3561
2016-05-31,0.3564,0.3561
2016-06-01,0.3571,0.3561
2016-06-02,0.3558,0.3561
2016-06-03,0.3561,0.3561
2016-06-04,0.3561,0.356
2016-06-05,0.3561,0.356
2016-06-06,0.3557,0.3558
2016-06-07,0.3553,0.3557
2016-06-08,0.3553,0.3555
2016-06-09,0.3558,0.3553
2016-06-10,0.356,0.3551
2016-06-11,0.3562,0.3549
2016-06-12,0.3552,0.3546
2016-06-13,0.354,0.3544
2016-06-14,0.3538,0.3542
2016-06-15,0.3531,0.354
2016-06-16,0.3534,0.3538
2016-06-17,0.353,0.3535
2016-06-18,0.3529,0.3533
2016-06-19,0.3533,0.353
2016-06-20,0.3526,0.3528
2016-06-21,0.3524,0.3527
2016-06-22,0.3528,0.3526
2016-06-23,0.3529,0.3525
2016-06-24,0.353,0.3525
2016-06-25,0.3531,0.3525
2016-06-26,0.3527,0.3525
2016-06-27,0.3515,0.3526
2016-06-28,0.3512,0.3525
2016-06-29,0.3511,0.3525
2016-06-30,0.3512,0.3524
2016-07-01,0.3518,0.3524
2016-07-02,0.3543,0.3523
2016-07-03,0.3541,0.3523
2016-07-04,0.3533,0.3522
2016-07-05,0.3528,0.3521
2016-07-06,0.352,0.352
2016-07-07,0.3525,0.3519
2016-07-08,0.3517,0.3518
2016-07-09,0.3514,0.3516
2016-07-10,0.3512,0.3514
2016-07-11,0.3508,0.3512
2016-07-12,0.3506,0.351
2016-07-13,0.3505,0.3507
2016-07-14,0.3503,0.3505
2016-07-15,0.3499,0.3504
2016-07-16,0.3499,0.3502
2016-07-17,0.3503,0.35
2016-07-18,0.3497,0.3498
2016-07-19,0.3497,0.3496
2016-07-20,0.3493,0.3494
2016-07-21,0.3491,0.3493
2016-07-22,0.35,0.3491
2016-07-23,0.3497,0.349
2016-07-24,0.3491,0.3489
2016-07-25,0.3491,0.3488
2016-07-26,0.3497,0.3486
2016-07-27,0.3486,0.3485
2016-07-28,0.3484,0.3484
2016-07-29,0.348,0.3483
2016-07-30,0.3482,0.3483
2016-07-31,0.3482,0.3484
2016-08-01,0.3476,0.3486
2016-08-02,0.3482,0.3488
2016-08-03,0.3479,0.3491
2016-08-04,0.3478,0.3494
2016-08-05,0.3472,0.3497
2016-08-06,0.3505,0.3501
2016-08-07,0.3518,0.3506
2016-08-08,0.353,0.3512
2016-08-09,0.3534,0.3517
2016-08-10,0.354,0.3523
2016-08-11,0.3532,0.3529
2016-08-12,0.3521,0.3536
2016-08-13,0.354,0.3544
2016-08-14,0.3541,0.3551
2016-08-15,0.3551,0.3558
2016-08-16,0.357,0.3565
2016-08-17,0.3568,0.3571
2016-08-18,0.3574,0.3576
2016-08-19,0.3581,0.3581
2016-08-20,0.3585,0.3586
2016-08-21,0.3595,0.3591
2016-08-22,0.3604,0.3596
2016-08-23,0.361,0.36
2016-08-24,0.3615,0.3604
2016-08-25,0.3603,0.3608
2016-08-26,0.3625,0.3612
2016-08-27,0.3615,0.3615
2016-08-28,0.362,0.3618
2016-08-29,0.3613,0.3621
2016-08-30,0.3613,0.3624
2016-08-31,0.3619,0.3626
2016-09-01,0.3607,0.3628
2016-09-02,0.3618,0.3629
2016-09-03,0.3636,0.363
2016-09-04,0.3624,0.3631
2016-09-05,0.3631,0.3631
2016-09-06,0.365,0.3631
2016-09-07,0.3653,0.3631
2016-09-08,0.3649,0.363
2016-09-09,0.3626,0.3629
2016-09-10,0.3619,0.3627
2016-09-11,0.3624,0.3624
2016-09-12,0.3629,0.3621
2016-09-13,0.3623,0.3616
2016-09-14,0.3622,0.3611
2016-09-15,0.3609,0.3606
2016-09-16,0.3594,0.36
2016-09-17,0.3586,0.3595
2016-09-18,0.3577,0.359
2016-09-19,0.3569,0.3585
2016-09-20,0.358,0.3579
2016-09-21,0.3581,0.3574
2016-09-22,0.3571,0.3568
2016-09-23,0.3566,0.3562
2016-09-24,0.3561,0.3557
2016-09-25,0.3558,0.3552
2016-09-26,0.3541,0.3546
2016-09-27,0.3528,0.3542
2016-09-28,0.3525,0.3537
2016-09-29,0.3519,0.3532
2016-09-30,0.3527,0.3527
2016-10-01,0.3528,0.3522
2016-10-02,0.3532,0.3518
2016-10-03,0.3524,0.3513
2016-10-04,0.3522,0.3509
2016-10-05,0.3513,0.3505
2016-10-06,0.3506,0.3501
2016-10-07,0.3488,0.3497
2016-10-08,0.3492,0.3493
2016-10-09,0.3477,0.349
2016-10-10,0.3486,0.3487
2016-10-11,0.3479,0.3484
2016-10-12,0.3473,0.3481
2016-10-13,0.3471,0.3479
2016-10-14,0.3472,0.3477
2016-10-15,0.3475,0.3475
2016-10-16,0.3475,0.3474
2016-10-17,0.3477,0.3472
2016-10-18,0.3476,0.3472
2016-10-19,0.3477,0.3471
2016-10-20,0.347,0.347
2016-10-21,0.3468,0.3469
2016-10-22,0.3468,0.3467
2016-10-23,0.3468,0.3466
2016-10-24,0.3468,0.3465
2016-10-25,0.3474,0.3463
2016-10-26,0.3462,0.3462
2016-10-27,0.3459,0.3461
2016-10-28,0.3457,0.3461
2016-10-29,0.3464,0.346
2016-10-30,0.3459,0.346
2016-10-31,0.3464,0.346
2016-11-01,0.3444,0.3461
2016-11-02,0.3458,0.3461
2016-11-03,0.3452,0.3462
2016-11-04,0.3443,0.3463
2016-11-05,0.3468,0.3464
2016-11-06,0.3471,0.3465
2016-11-07,0.3473,0.3466
2016-11-08,0.3476,0.3467
2016-11-09,0.3473,0.3468
2016-11-10,0.3475,0.347
2016-11-11,0.3475,0.3472
2016-11-12,0.3473,0.3473
2016-11-13,0.3473,0.3474
2016-11-14,0.3475,0.3475
2016-11-15,0.3478,0.3476
2016-11-16,0.3471,0.3475
2016-11-17,0.3475,0.3475
2016-11-18,0.3474,0.3474
2016-11-19,0.3477,0.3474
2016-11-20,0.3478,0.3473
2016-11-21,0.3474,0.3473
2016-11-22,,0.3472
2016-11-23,0.3471,0.3472
2016-11-24,0.3471,0.3472
2016-11-25,0.3473,0.3472
2016-11-26,0.3466,0.3471
2016-11-27,0.3475,0.3471
2016-11-28,0.3461,0.3471
2016-11-29,0.3465,0.3471
2016-11-30,0.3471,0.3471
2016-12-01,0.3472,0.3471
2016-12-02,0.3476,0.3471
2016-12-03,0.347,0.3472
2016-12-04,0.347,0.3472
2016-12-05,0.3475,0.3473
2016-12-06,,0.3474
2016-12-07,0.3475,0.3474
2016-12-08,0.3475,0.3474
2016-12-09,0.3473,0.3475
2016-12-10,,0.3475
2016-12-11,0.348,0.3475
2016-12-12,0.3479,0.3475
2016-12-13,0.348,0.3475
2016-12-14,,0.3475
2016-12-15,0.3471,0.3475
2016-12-16,0.3477,0.3475
2016-12-17,,0.3475
2016-12-18,0.3457,0.3475
2016-12-19,0.3476,0.3475
2016-12-20,0.3472,0.3475
2016-12-21,0.3483,0.3474
2016-12-22,,0.3474
2016-12-23,,0.3474
2016-12-24,,0.3474
2016-12-25,0.3476,0.3474
2016-12-26,0.3478,0.3474
2016-12-27,0.3479,0.3474
2016-12-28,0.3475,0.3475
2016-12-29,0.346,0.3475
2016-12-30,0.3485,0.3475
2016-12-31,0.3471,0.3476
2017-01-01,0.347,0.3476
2017-01-02,0.3471,0.3476
2017-01-03,0.3484,0.3476
2017-01-04,0.3484,0.3477
2017-01-05,0.3476,0.3477
2017-01-06,,0.3477
2017-01-07,0.3478,0.3478
2017-01-08,0.3479,0.3478
2017-01-09,0.3473,0.3478
2017-01-10,0.3473,0.3479
2017-01-11,0.3486,0.3479
2017-01-12,0.3486,0.3479
2017-01-13,,0.3479
2017-01-14,,0.3479
2017-01-15,0.3467,0.3479
2017-01-16,0.348,0.3479
2017-01-17,0.3482,0.3479
2017-01-18,0.3484,0.3479
2017-01-19,0.348,0.3479
2017-01-20,0.3477,0.3479
2017-01-21,0.3479,0.348
2017-01-22,0.3482,0.348
2017-01-23,0.3486,0.348
2017-01-24,0.3476,0.348
2017-01-25,0.3472,0.348
2017-01-26,0.3478,0.348
2017-01-27,0.3481,0.3481
2017-01-28,0.3481,0.3481
2017-01-29,0.3483,0.3481
2017-01-30,0.3484,0.3482
2017-01-31,0.3483,0.3482
2017-02-01,0.3483,0.3482
2017-02-02,0.3482,0.3483
2017-02-03,0.3482,0.3483
2017-02-04,0.3484,0.3483
2017-02-05,0.3483,0.3483
2017-02-06,0.3473,0.3482
2017-02-07,0.3487,0.3482
2017-02-08,0.3486,0.3482
2017-02-09,0.3486,0.3482
2017-02-10,0.3486,0.3482
2017-02-11,0.3486,0.3482
2017-02-12,0.3478,0.3481
2017-02-13,0.3474,0.3481
2017-02-14,0.3476,0.3481
2017-02-15,0.3483,0.3481
2017-02-16,0.3483,0.3481
2017-02-17,0.3476,0.3481
2017-02-18,0.3473,0.3481
2017-02-19,0.3479,0.3481
2017-02-20,0.3482,0.3481
2017-02-21,0.3485,0.3481
2017-02-22,0.3488,0.3481
2017-02-23,0.3482,0.3481
2017-02-24,0.3481,0.3481
2017-02-25,0.3483,0.3481
2017-02-26,0.3478,0.3482
2017-02-27,0.348,0.3482
2017-02-28,0.3482,0.3482
2017-03-01,0.3481,0.3482
2017-03-02,0.348,0.3482
2017-03-03,0.3481,0.3483
2017-03-04,0.3487,0.3483
2017-03-05,0.3483,0.3483
2017-03-06,0.3484,0.3483
2017-03-07,0.3481,0.3484
2017-03-08,0.3485,0.3484
2017-03-09,0.3488,0.3485
2017-03-10,0.3486,0.3485
2017-03-11,0.3489,0.3486
2017-03-12,0.3484,0.3487
2017-03-13,0.3486,0.3488
2017-03-14,0.3486,0.3488
2017-03-15,0.3486,0.3489
2017-03-16,0.3488,0.349
2017-03-17,0.3489,0.349
2017-03-18,0.3491,0.349
2017-03-19,0.3492,0.3491
2017-03-20,0.3494,0.3491
2017-03-21,0.3498,0.3492
2017-03-22,0.3493,0.3492
2017-03-23,0.3492,0.3492
2017-03-24,0.3495,0.3493
2017-03-25,0.3492,0.3493
2017-03-26,0.3494,0.3493
2017-03-27,0.3495,0.3494
2017-03-28,0.3487,0.3494
2017-03-29,0.3492,0.3494
2017-03-30,0.3494,0.3495
2017-03-31,0.349,0.3495
2017-04-01,0.3495,0.3496
2017-04-02,0.3499,0.3497
2017-04-03,0.35,0.3498
2017-04-04,0.3496,0.3499
2017-04-05,0.3498,0.35
2017-04-06,0.3502,0.3501
2017-04-07,0.3504,0.3502
2017-04-08,0.3505,0.3503
2017-04-09,0.3502,0.3504
2017-04-10,0.3504,0.3505
2017-04-11,0.3507,0.3506
2017-04-12,0.3509,0.3506
2017-04-13,0.3508,0.3507
2017-04-14,0.3507,0.3508
2017-04-15,0.3508,0.3508
2017-04-16,0.351,0.3509
2017-04-17,0.3508,0.3509
2017-04-18,0.3514,0.351
2017-04-19,0.3512,0.351
2017-04-20,0.3509,0.351
2017-04-21,0.3509,0.3511
2017-04-22,0.351,0.3511
2017-04-23,0.3508,0.3511
2017-04-24,0.3508,0.3511
2017-04-25,0.3512,0.3511
2017-04-26,0.3508,0.3512
2017-04-27,0.3518,0.3512
2017-04-28,,0.3512
2017-04-29,,0.3512
2017-04-30,,0.3512
2017-05-01,,0.3512
2017-05-02,,0.3512
2017-05-03,,0.3512
2017-05-04,,0.3512
2017-05-05,,0.3511
2017-05-06,,0.3511
2017-05-07,,0.351
2017-05-08,,0.3509
2017-05-09,,0.3509
2017-05-10,,0.3508
2017-05-11,,0.3508
2017-05-12,,0.3507
2017-05-13,,0.3507
2017-05-14,,0.3506
2017-05-15,,0.3506
2017-05-16,,0.3506
2017-05-17,,0.3505
2017-05-18,0.3509,0.3505
2017-05-19,0.3503,0.3505
2017-05-20,0.3502,0.3505
2017-05-21,0.3504,0.3505
2017-05-22,0.3503,0.3504
2017-05-23,0.3502,0.3504
2017-05-24,0.3512,0.3503
2017-05-25,0.3504,0.3503
2017-05-26,0.3499,0.3502
2017-05-27,0.35,0.3502
2017-05-28,0.3501,0.3501
2017-05-29,0.3502,0.35
2017-05-30,,0.3499
2017-05-31,0.3496,0.3499
2017-06-01,0.3497,0.3498
2017-06-02,0.3496,0.3497
2017-06-03,0.3495,0.3496
2017-06-04,0.3494,0.3494
2017-06-05,,0.3493
2017-06-06,0.3498,0.3492
2017-06-07,0.3492,0.3491
2017-06-08,0.349,0.3489
2017-06-09,0.3488,0.3488
2017-06-10,0.3488,0.3486
2017-06-11,0.3482,0.3484
2017-06-12,,0.3483
2017-06-13,0.3478,0.3482
2017-06-14,0.3476,0.348
2017-06-15,0.3478,0.3478
2017-06-16,0.3476,0.3477
2017-06-17,0.3475,0.3475
2017-06-18,0.3476,0.3474
2017-06-19,0.3475,0.3472
2017-06-20,,0.3471
2017-06-21,,0.3469
2017-06-22,,0.3467
2017-06-23,,0.3466
2017-06-24,0.3462,0.3464
2017-06-25,0.3467,0.3463
2017-06-26,0.3469,0.3461
2017-06-27,0.3456,0.3459
2017-06-28,0.3458,0.3458
2017-06-29,0.3456,0.3457
2017-06-30,0.3456,0.3456
2017-07-01,0.3457,0.3455
2017-07-02,0.3449,0.3454
2017-07-03,0.3453,0.3453
2017-07-04,0.3456,0.3452
2017-07-05,0.3446,0.3451
2017-07-06,0.3453,0.3452
2017-07-07,,0.3452
2017-07-08,0.3454,0.3453
2017-07-09,0.3453,0.3454
2017-07-10,,0.3455
2017-07-11,0.346,0.3456
2017-07-12,0.3461,0.3458
2017-07-13,0.3464,0.3461
2017-07-14,,0.3464
2017-07-15,0.3476,0.3469
2017-07-16,0.3475,0.3474
2017-07-17,0.3474,0.348
2017-07-18,0.3487,0.3487
2017-07-19,0.3491,0.3495
2017-07-20,0.35,0.3503
2017-07-21,0.3508,0.3512
2017-07-22,0.3511,0.3521
2017-07-23,0.3523,0.3532
2017-07-24,0.3542,0.3544
2017-07-25,0.3555,0.3556
2017-07-26,0.3568,0.357
2017-07-27,0.3584,0.3584
2017-07-28,0.3613,0.3598
2017-07-29,0.3623,0.3614
2017-07-30,0.3629,0.3629
2017-07-31,0.3659,0.3645
2017-08-01,0.3676,0.366
2017-08-02,0.3667,0.3673
2017-08-03,0.3677,0.3685
2017-08-04,0.3714,0.3696
2017-08-05,,0.3705
2017-08-06,,0.3713
2017-08-07,,0.372
2017-08-08,,0.3726
2017-08-09,,0.3731
2017-08-10,,0.3734
2017-08-11,,0.3736
2017-08-12,,0.3738
2017-08-13,,0.3739
2017-08-14,,0.3738
2017-08-15,,0.3738
2017-08-16,,0.3736
2017-08-17,,0.3733
2017-08-18,,0.3728
2017-08-19,,0.3722
2017-08-20,,0.3714
2017-08-21,,0.3706
2017-08-22,,0.3698
2017-08-23,,0.369
2017-08-24,,0.3682
2017-08-25,,0.3675
2017-08-26,,0.3668
2017-08-27,0.3667,0.366
2017-08-28,,0.3651
2017-08-29,,0.3642
2017-08-30,,0.3633
2017-08-31,,0.3626
2017-09-01,,0.3618
2017-09-02,,0.3611
2017-09-03,,0.3603
2017-09-04,0.3582,0.3596
2017-09-05,,0.3589
2017-09-06,,0.3583
2017-09-07,0.3576,0.3577
2017-09-08,,0.357
2017-09-09,0.3568,0.3565
2017-09-10,0.3562,0.3559
2017-09-11,0.3552,0.3553
2017-09-12,0.3557,0.3546
2017-09-13,0.3543,0.354
2017-09-14,0.3538,0.3534
2017-09-15,0.3528,0.3528
2017-09-16,0.353,0.3523
2017-09-17,0.3517,0.3518
2017-09-18,0.3513,0.3515
2017-09-19,0.3511,0.3512
2017-09-20,0.3504,0.3511
2017-09-21,0.35,0.351
2017-09-22,0.35,0.351
2017-09-23,0.3501,0.351
2017-09-24,,0.3512
2017-09-25,,0.3513
2017-09-26,,0.3515
2017-09-27,,0.3518
2017-09-28,,0.3524
2017-09-29,,0.3531
2017-09-30,,0.3538
2017-10-01,,0.3546
2017-10-02,,0.3553
2017-10-03,0.355,0.3558
2017-10-04,0.3558,0.356
2017-10-05,0.3592,0.3561
2017-10-06,,0.3561
2017-10-07,,0.356
2017-10-08,,0.3558
2017-10-09,,0.3556
2017-10-10,,0.3553
2017-10-11,0.3548,0.3551
2017-10-12,0.3549,0.3548
2017-10-13,0.3558,0.3545
2017-10-14,0.354,0.3542
2017-10-15,0.3535,0.3539
2017-10-16,0.3531,0.3536
2017-10-17,0.3528,0.3532
2017-10-18,0.353,0.3529
2017-10-19,0.3528,0.3525
2017-10-20,0.352,0.3522
2017-10-21,0.3524,0.3519
2017-10-22,0.3518,0.3516
2017-10-23,0.3517,0.3512
2017-10-24,0.351,0.3509
2017-10-25,0.3505,0.3506
2017-10-26,0.3499,0.3503
2017-10-27,0.3497,0.35
2017-10-28,0.3499,0.3498
2017-10-29,0.3495,0.3496
2017-10-30,0.349,0.3494
2017-10-31,0.3491,0.3492
2017-11-01,0.349,0.349
2017-11-02,0.349,0.3488
2017-11-03,0.3488,0.3487
2017-11-04,0.3476,0.3486
2017-11-05,0.3492,0.3485
2017-11-06,0.3482,0.3484
2017-11-07,0.3486,0.3483
2017-11-08,0.3482,0.3482
2017-11-09,,0.3482
2017-11-10,0.3483,0.3482
2017-11-11,,0.3481
2017-11-12,,0.3481
2017-11-13,,0.3481
2017-11-14,0.3482,0.3481
2017-11-15,0.3482,0.348
2017-11-16,0.3481,0.348
2017-11-17,0.3482,0.348
2017-11-18,0.3476,0.348
2017-11-19,0.3474,0.348
2017-11-20,0.3479,0.348
2017-11-21,,0.348
2017-11-22,0.3481,0.3479
2017-11-23,0.348,0.3479
2017-11-24,,0.3478
2017-11-25,0.3481,0.3477
2017-11-26,,0.3476
2017-11-27,0.3477,0.3475
2017-11-28,0.3477,0.3474
2017-11-29,0.3477,0.3474
2017-11-30,,0.3473
2017-12-01,,0.3472
2017-12-02,0.348,0.3471
2017-12-03,0.3472,0.347
2017-12-04,0.3471,0.347
2017-12-05,0.3446,0.3469
2017-12-06,0.3468,0.3468
2017-12-07,,0.3467
2017-12-08,0.346,0.3467
2017-12-09,0.3471,0.3467
2017-12-10,,0.3467
2017-12-11,0.3469,0.3467
2017-12-12,0.3471,0.3468
2017-12-13,0.3472,0.3468
2017-12-14,,0.3468
2017-12-15,0.347,0.3469
2017-12-16,0.347,0.3469
2017-12-17,,0.3469
2017-12-18,,0.3469
2017-12-19,,0.3469
2017-12-20,0.3468,0.3469
2017-12-21,,0.3469
2017-12-22,0.3469,0.347
2017-12-23,,0.347
2017-12-24,,0.347
2017-12-25,,0.347
2017-12-26,,0.347
2017-12-27,,0.347
2017-12-28,,0.347
2017-12-29,,0.347
2017-12-30,,0.347
2017-12-31,,0.347
2018-01-01,,0.347
2018-01-02,,0.347
2018-01-03,,0.347
2018-01-04,,0.3469
2018-01-05,0.3478,0.3469
2018-01-06,0.3463,0.3468
2018-01-07,,0.3468
2018-01-08,0.3467,0.3468
2018-01-09,0.3468,0.3467
2018-01-10,,0.3466
2018-01-11,0.3464,0.3466
2018-01-12,,0.3466
2018-01-13,,0.3466
2018-01-14,0.3466,0.3466
2018-01-15,,0.3466
2018-01-16,0.3469,0.3466
2018-01-17,0.3459,0.3466
2018-01-18,,0.3466
2018-01-19,0.3471,0.3467
2018-01-20,0.3466,0.3467
2018-01-21,0.3461,0.3467
2018-01-22,0.3471,0.3468
2018-01-23,0.3468,0.3468
2018-01-24,0.3475,0.3468
2018-01-25,0.3471,0.3468
2018-01-26,0.3466,0.3468
2018-01-27,,0.3468
2018-01-28,0.3463,0.3468
2018-01-29,0.3473,0.3468
2018-01-30,,0.3467
2018-01-31,,0.3466
2018-02-01,,0.3466
2018-02-02,0.3467,0.3466
2018-02-03,,0.3466
2018-02-04,0.3474,0.3465
2018-02-05,,0.3465
2018-02-06,0.3451,0.3465
2018-02-07,0.3456,0.3465
2018-02-08,,0.3466
2018-02-09,0.3472,0.3466
2018-02-10,,0.3466
2018-02-11,0.3467,0.3466
2018-02-12,0.3474,0.3467
2018-02-13,,0.3468
2018-02-14,,0.3469
2018-02-15,0.3465,0.347
2018-02-16,0.3461,0.3471
2018-02-17,0.3476,0.3472
2018-02-18,,0.3473
2018-02-19,0.3483,0.3473
2018-02-20,0.3468,0.3473
2018-02-21,,0.3473
2018-02-22,0.3467,0.3472
2018-02-23,0.3473,0.3472
2018-02-24,0.3481,0.3471
2018-02-25,0.3474,0.3471
2018-02-26,,0.347
2018-02-27,0.3481,0.347
2018-02-28,0.3477,0.347
2018-03-01,0.3333,0.3469
2018-03-02,0.3451,0.3469
2018-03-03,0.346,0.3469
2018-03-04,0.3379,0.3468
2018-03-05,0.3438,0.3468
2018-03-06,0.3474,0.3468
2018-03-07,,0.3468
2018-03-08,0.3488,0.3468
2018-03-09,0.3483,0.3469
2018-03-10,,0.347
2018-03-11,0.346,0.347
2018-03-12,0.3466,0.3471
2018-03-13,0.3476,0.3472
2018-03-14,0.3477,0.3472
2018-03-15,0.3471,0.3473
2018-03-16,0.3472,0.3474
2018-03-17,0.3481,0.3474
2018-03-18,0.3473,0.3475
2018-03-19,0.347,0.3475
2018-03-20,0.3467,0.3475
2018-03-21,,0.3476
2018-03-22,0.3491,0.3476
2018-03-23,0.3479,0.3476
2018-03-24,0.3479,0.3477
2018-03-25,0.3477,0.3478
2018-03-26,0.3465,0.3479
2018-03-27,0.3481,0.348
2018-03-28,0.3481,0.3481
2018-03-29,0.3485,0.3482
2018-03-30,0.3484,0.3484
2018-03-31,0.3486,0.3485
2018-04-01,0.348,0.3486
2018-04-02,0.3486,0.3488
2018-04-03,0.3487,0.3489
2018-04-04,0.3491,0.3491
2018-04-05,0.3491,0.3492
2018-04-06,0.3492,0.3494
2018-04-07,0.3503,0.3496
2018-04-08,0.3499,0.3497
2018-04-09,0.35,0.3498
2018-04-10,0.3503,0.35
2018-04-11,0.3506,0.3501
2018-04-12,0.3506,0.3502
2018-04-13,0.3493,0.3502
2018-04-14,0.3501,0.3503
2018-04-15,0.3505,0.3504
2018-04-16,0.3502,0.3504
2018-04-17,0.3506,0.3505
2018-04-18,0.3507,0.3506
2018-04-19,0.3505,0.3506
2018-04-20,0.3508,0.3506
2018-04-21,0.3503,0.3507
2018-04-22,0.3506,0.3507
2018-04-23,0.3508,0.3507
2018-04-24,0.3507,0.3508
2018-04-25,0.351,0.3508
2018-04-26,0.3511,0.3509
2018-04-27,0.351,0.351
2018-04-28,0.351,0.3511
2018-04-29,0.3511,0.3512
2018-04-30,0.3509,0.3513
2018-05-01,0.3512,0.3514
2018-05-02,0.3508,0.3515
2018-05-03,0.3513,0.3516
2018-05-04,0.3519,0.3517
2018-05-05,0.3518,0.3518
2018-05-06,0.352,0.352
2018-05-07,0.3522,0.3521
2018-05-08,0.3524,0.3522
2018-05-09,0.3524,0.3523
2018-05-10,0.3529,0.3524
2018-05-11,0.3528,0.3525
2018-05-12,0.3524,0.3525
2018-05-13,0.3526,0.3525
2018-05-14,0.3524,0.3525
2018-05-15,0.353,0.3525
2018-05-16,0.3527,0.3525
2018-05-17,0.3524,0.3524
2018-05-18,0.3522,0.3524
2018-05-19,0.3525,0.3523
2018-05-20,0.352,0.3522
2018-05-21,0.3519,0.3522
2018-05-22,0.3518,0.3521
2018-05-23,0.3518,0.352
2018-05-24,0.3517,0.352
2018-05-25,0.3518,0.3519
2018-05-26,0.3514,0.3518
2018-05-27,0.3518,0.3518
2018-05-28,0.3516,0.3517
2018-05-29,0.3521,0.3516
2018-05-30,0.3523,0.3515
2018-05-31,0.3516,0.3515
2018-06-01,0.3513,0.3514
2018-06-02,0.3516,0.3513
2018-06-03,0.3515,0.3512
2018-06-04,0.3512,0.3511
2018-06-05,0.3507,0.3511
2018-06-06,0.3508,0.3511
2018-06-07,0.3512,0.3511
2018-06-08,0.3515,0.3511
2018-06-09,0.3506,0.3511
2018-06-10,0.3513,0.3511
2018-06-11,0.3507,0.3512
2018-06-12,0.3505,0.3512
2018-06-13,0.3498,0.3512
2018-06-14,0.3502,0.3512
2018-06-15,0.3503,0.3513
2018-06-16,0.3525,0.3514
2018-06-17,0.3519,0.3515
2018-06-18,0.3524,0.3515
2018-06-19,0.3528,0.3516
2018-06-20,0.3524,0.3516
2018-06-21,0.3526,0.3516
2018-06-22,0.3519,0.3516
2018-06-23,0.3514,0.3514
2018-06-24,0.3515,0.3513
2018-06-25,0.3511,0.3511
2018-06-26,0.3508,0.3509
2018-06-27,0.3508,0.3507
2018-06-28,0.3508,0.3506
2018-06-29,0.3505,0.3505
2018-06-30,0.3502,0.3504
2018-07-01,0.3504,0.3504
2018-07-02,0.3503,0.3503
2018-07-03,0.3502,0.3502
2018-07-04,0.3505,0.3502
2018-07-05,0.3502,0.3502
2018-07-06,0.3498,0.3504
2018-07-07,0.35,0.3506
2018-07-08,0.3499,0.351
2018-07-09,0.3495,0.3515
2018-07-10,0.3493,0.3521
2018-07-11,0.3513,0.3527
2018-07-12,0.3526,0.3534
2018-07-13,0.3541,0.354
2018-07-14,0.3547,0.3546
2018-07-15,0.3559,0.3551
2018-07-16,0.3576,0.3556
2018-07-17,0.3578,0.3563
2018-07-18,0.3597,0.3569
2018-07-19,0.3598,0.3575
2018-07-20,0.3592,0.3579
2018-07-21,0.3581,0.3582
2018-07-22,0.3577,0.3584
2018-07-23,0.3572,0.3587
2018-07-24,0.3574,0.3588
2018-07-25,0.3564,0.3587
2018-07-26,0.3557,0.3585
2018-07-27,,0.3581
2018-07-28,0.3616,0.3576
2018-07-29,0.3614,0.3571
2018-07-30,0.3591,0.3567
2018-07-31,0.3573,0.3564
2018-08-01,0.3568,0.3563
2018-08-02,0.3562,0.3563
2018-08-03,0.3555,0.3564
2018-08-04,0.3561,0.3564
2018-08-05,0.3553,0.3565
2018-08-06,0.3557,0.3567
2018-08-07,0.3545,0.3569
2018-08-08,0.3542,0.3573
2018-08-09,0.354,0.3578
2018-08-10,0.3548,0.3585
2018-08-11,0.3597,0.3595
2018-08-12,0.3599,0.3607
2018-08-13,0.3622,0.362
2018-08-14,0.3638,0.3633
2018-08-15,0.3658,0.3645
2018-08-16,0.3666,0.3656
2018-08-17,0.3686,0.3665
2018-08-18,0.3686,0.3671
2018-08-19,0.368,0.3678
2018-08-20,0.3682,0.3684
2018-08-21,0.3698,0.369
2018-08-22,0.3723,0.3695
2018-08-23,0.3735,0.3699
2018-08-24,0.3731,0.3702
2018-08-25,0.371,0.3704
2018-08-26,0.3704,0.3705
2018-08-27,0.3699,0.3704
2018-08-28,0.3685,0.3703
2018-08-29,0.3666,0.37
2018-08-30,0.3657,0.3697
2018-08-31,0.3657,0.3694
2018-09-01,0.3717,0.3691
2018-09-02,0.3699,0.3688
2018-09-03,0.3692,0.3685
2018-09-04,0.3676,0.3682
2018-09-05,0.3684,0.3679
2018-09-06,0.3696,0.3676
2018-09-07,0.3678,0.3672
2018-09-08,0.3667,0.3668
2018-09-09,0.367,0.3665
2018-09-10,0.3663,0.3661
2018-09-11,0.366,0.3657
2018-09-12,0.3653,0.3653
2018-09-13,0.365,0.3648
2018-09-14,0.364,0.3643
2018-09-15,0.3629,0.3638
2018-09-16,0.3624,0.3633
2018-09-17,0.3616,0.3628
2018-09-18,0.3609,0.3624
2018-09-19,0.3602,0.3619
2018-09-20,0.364,0.3616
2018-09-21,0.3618,0.3612
2018-09-22,0.3616,0.3608
2018-09-23,0.3602,0.3605
2018-09-24,0.3603,0.3601
2018-09-25,0.361,0.3597
2018-09-26,0.3594,0.3593
2018-09-27,0.3581,0.3588
2018-09-28,0.3573,0.3583
2018-09-29,0.3568,0.3578
2018-09-30,0.3568,0.3573
2018-10-01,0.3572,0.3567
2018-10-02,0.3567,0.3562
2018-10-03,0.3581,0.3556
2018-10-04,0.3559,0.355
2018-10-05,0.3553,0.3544
2018-10-06,0.3542,0.3537
2018-10-07,0.3534,0.353
2018-10-08,0.3525,0.3523
2018-10-09,0.3515,0.3515
2018-10-10,0.351,0.3509
2018-10-11,0.3502,0.3503
2018-10-12,0.3487,0.3498
2018-10-13,0.3484,0.3494
2018-10-14,0.348,0.3491
2018-10-15,0.3471,0.3488
2018-10-16,0.3471,0.3486
2018-10-17,0.3478,0.3484
2018-10-18,0.3477,0.3483
2018-10-19,0.3488,0.3482
2018-10-20,0.3488,0.3481
2018-10-21,0.3482,0.3481
2018-10-22,0.3482,0.3483
2018-10-23,0.3482,0.3485
2018-10-24,0.349,0.3487
2018-10-25,0.3497,0.349
2018-10-26,0.35,0.3493
2018-10-27,0.35,0.3495
2018-10-28,0.35,0.3496
2018-10-29,0.3498,0.3496
2018-10-30,0.3494,0.3496
2018-10-31,0.3497,0.3496
2018-11-01,0.3496,0.3496
2018-11-02,0.3497,0.3496
2018-11-03,0.3501,0.3496
2018-11-04,0.3496,0.3495
2018-11-05,0.3498,0.3495
2018-11-06,0.3496,0.3494
2018-11-07,0.3493,0.3493
2018-11-08,0.3497,0.3491
2018-11-09,0.3488,0.349
2018-11-10,0.3484,0.3488
2018-11-11,0.3482,0.3487
2018-11-12,0.3476,0.3486
2018-11-13,0.3479,0.3485
2018-11-14,0.3482,0.3484
2018-11-15,0.3484,0.3483
2018-11-16,0.3483,0.3483
2018-11-17,0.349,0.3482
2018-11-18,0.3484,0.3482
2018-11-19,0.3481,0.3482
2018-11-20,0.3481,0.3481
2018-11-21,0.3482,0.3481
2018-11-22,0.3466,0.3481
2018-11-23,0.3484,0.348
2018-11-24,0.3485,0.348
2018-11-25,0.3481,0.3479
2018-11-26,0.3484,0.3479
2018-11-27,0.3481,0.3478
2018-11-28,0.3484,0.3478
2018-11-29,0.3482,0.3477
2018-11-30,0.3468,0.3476
2018-12-01,0.3482,0.3476
2018-12-02,0.3461,0.3476
2018-12-03,0.3476,0.3475
2018-12-04,0.348,0.3475
2018-12-05,0.3459,0.3475
2018-12-06,0.348,0.3474
2018-12-07,0.3474,0.3474
2018-12-08,0.3478,0.3474
2018-12-09,0.3476,0.3474
2018-12-10,0.3475,0.3475
2018-12-11,0.3466,0.3476
2018-12-12,0.348,0.3478
2018-12-13,0.3477,0.3479
2018-12-14,0.3478,0.348
2018-12-15,0.3468,0.348
2018-12-16,0.348,0.348
2018-12-17,0.3483,0.3478
2018-12-18,0.3478,0.3476
2018-12-19,0.3476,0.3473
2018-12-20,0.3478,0.347
2018-12-21,0.3478,0.3467
2018-12-22,0.3481,0.3464
2018-12-23,0.3475,0.3462
2018-12-24,0.3479,0.346
2018-12-25,0.3473,0.3458
2018-12-26,0.3448,0.3457
2018-12-27,0.3472,0.3455
2018-12-28,0.3427,0.3454
2018-12-29,0.3412,0.3453
2018-12-30,0.3409,0.3452
2018-12-31,0.3412,0.3451
2019-01-01,0.3452,0.3451
2019-01-02,0.3448,0.3452
2019-01-03,0.3466,0.3454
2019-01-04,0.348,0.3457
2019-01-05,0.3484,0.346
2019-01-06,0.3472,0.3464
2019-01-07,0.3476,0.3467
2019-01-08,0.348,0.347
2019-01-09,0.3469,0.3472
2019-01-10,0.3474,0.3474
2019-01-11,0.3469,0.3475
2019-01-12,0.3482,0.3476
2019-01-13,0.3466,0.3477
2019-01-14,0.3476,0.3478
2019-01-15,0.3484,0.3478
2019-01-16,0.3487,0.3479
2019-01-17,0.3484,0.3479
2019-01-18,0.3471,0.348
2019-01-19,0.3484,0.348
2019-01-20,0.3484,0.348
2019-01-21,0.3484,0.348
2019-01-22,0.346,0.3481
2019-01-23,0.3482,0.3481
2019-01-24,0.3483,0.3481
2019-01-25,0.3482,0.3481
2019-01-26,0.3483,0.3481
2019-01-27,0.3482,0.3481
2019-01-28,0.3484,0.3482
2019-01-29,0.3464,0.3482
2019-01-30,0.3481,0.3482
2019-01-31,0.3485,0.3482
2019-02-01,0.3489,0.3481
2019-02-02,0.3487,0.3481
2019-02-03,0.3484,0.3481
2019-02-04,0.3486,0.3481
2019-02-05,0.3477,0.3481
2019-02-06,0.3478,0.348
2019-02-07,0.3481,0.348
2019-02-08,0.3482,0.348
2019-02-09,0.3478,0.3479
2019-02-10,0.3471,0.3479
2019-02-11,0.348,0.3478
2019-02-12,0.3481,0.3478
2019-02-13,0.3465,0.3478
2019-02-14,0.3471,0.3478
2019-02-15,0.349,0.3478
2019-02-16,0.3485,0.3477
2019-02-17,0.3476,0.3477
2019-02-18,0.3482,0.3477
2019-02-19,0.3469,0.3477
2019-02-20,0.348,0.3478
2019-02-21,0.3476,0.3478
2019-02-22,0.3481,0.3479
2019-02-23,0.3468,0.3479
2019-02-24,0.3479,0.348
2019-02-25,0.3482,0.3481
2019-02-26,0.3485,0.3481
2019-02-27,0.3478,0.3482
2019-02-28,0.3484,0.3482
2019-03-01,0.348,0.3482
2019-03-02,0.3485,0.3482
2019-03-03,0.3487,0.3482
2019-03-04,0.3486,0.3483
2019-03-05,0.3486,0.3483
2019-03-06,0.349,0.3483
2019-03-07,0.3483,0.3483
2019-03-08,0.3469,0.3483
2019-03-09,0.3485,0.3482
2019-03-10,,0.3482
2019-03-11,,0.3482
2019-03-12,0.3481,0.3481
2019-03-13,0.3475,0.3481
2019-03-14,0.3478,0.348
2019-03-15,0.3483,0.348
2019-03-16,0.3481,0.348
2019-03-17,0.3484,0.348
2019-03-18,0.3484,0.3481
2019-03-19,0.3483,0.3481
2019-03-20,0.3485,0.3481
2019-03-21,0.3467,0.3482
2019-03-22,0.3478,0.3482
2019-03-23,0.3481,0.3482
2019-03-24,0.3485,0.3483
2019-03-25,0.3482,0.3483
2019-03-26,0.3486,0.3484
2019-03-27,0.3487,0.3484
2019-03-28,0.349,0.3485
2019-03-29,0.3489,0.3486
2019-03-30,0.3486,0.3486
2019-03-31,0.3486,0.3487
2019-04-01,0.3489,0.3487
2019-04-02,0.3486,0.3487
2019-04-03,0.3484,0.3488
2019-04-04,0.3487,0.3488
2019-04-05,0.3484,0.3489
2019-04-06,0.3493,0.349
2019-04-07,0.3494,0.349
2019-04-08,0.3497,0.3491
2019-04-09,0.3496,0.3492
2019-04-10,0.3497,0.3493
2019-04-11,0.3486,0.3495
2019-04-12,0.3487,0.3497
2019-04-13,0.3491,0.3499
2019-04-14,0.3497,0.3501
2019-04-15,0.3502,0.3503
2019-04-16,0.3504,0.3505
2019-04-17,0.3516,0.3508
2019-04-18,0.3514,0.351
2019-04-19,0.3512,0.3512
2019-04-20,0.3513,0.3515
2019-04-21,0.3519,0.3517
2019-04-22,0.3522,0.352
2019-04-23,0.3523,0.3522
2019-04-24,0.353,0.3525
2019-04-25,0.3528,0.3527
2019-04-26,0.3528,0.3529
2019-04-27,0.3529,0.353
2019-04-28,0.3532,0.3532
2019-04-29,0.3535,0.3533
2019-04-30,0.3533,0.3535
2019-05-01,0.3536,0.3536
2019-05-02,0.3537,0.3538
2019-05-03,0.3541,0.3539
2019-05-04,0.3542,0.3541
2019-05-05,0.3542,0.3543
2019-05-06,0.3541,0.3545
2019-05-07,0.3539,0.3547
2019-05-08,0.3541,0.3549
2019-05-09,0.354,0.355
2019-05-10,0.357,0.3552
2019-05-11,0.3555,0.3553
2019-05-12,0.3551,0.3554
2019-05-13,0.3554,0.3554
2019-05-14,0.3564,0.3555
2019-05-15,0.3565,0.3555
2019-05-16,0.356,0.3555
2019-05-17,0.3555,0.3555
2019-05-18,0.3552,0.3555
2019-05-19,0.356,0.3555
2019-05-20,0.3552,0.3555
2019-05-21,0.355,0.3554
2019-05-22,0.355,0.3553
2019-05-23,0.3548,0.3552
2019-05-24,0.3551,0.3551
2019-05-25,0.3551,0.355
2019-05-26,0.3549,0.355
2019-05-27,0.3546,0.3549
2019-05-28,0.3547,0.3549
2019-05-29,0.3548,0.3549
2019-05-30,0.3547,0.3549
2019-05-31,0.3548,0.355
2019-06-01,0.3554,0.355
2019-06-02,0.3548,0.355
2019-06-03,0.3547,0.355
2019-06-04,0.3544,0.355
2019-06-05,0.3556,0.3549
2019-06-06,0.3551,0.3549
2019-06-07,0.3553,0.3549
2019-06-08,0.3551,0.3548
2019-06-09,0.3551,0.3548
2019-06-10,0.355,0.3547
2019-06-11,0.3544,0.3546
2019-06-12,0.3542,0.3545
2019-06-13,0.3541,0.3544
2019-06-14,0.3538,0.3542
2019-06-15,0.354,0.354
2019-06-16,0.3544,0.3538
2019-06-17,0.354,0.3536
2019-06-18,0.3531,0.3534
2019-06-19,0.3528,0.3532
2019-06-20,0.3537,0.353
2019-06-21,0.3525,0.3529
2019-06-22,0.3527,0.3527
2019-06-23,0.3519,0.3525
2019-06-24,0.3524,0.3523
2019-06-25,,0.3521
2019-06-26,0.3521,0.3519
2019-06-27,,0.3518
2019-06-28,,0.3516
2019-06-29,,0.3514
2019-06-30,,0.3512
2019-07-01,,0.351
2019-07-02,,0.3509
2019-07-03,0.3508,0.3507
2019-07-04,0.3504,0.3505
2019-07-05,0.3504,0.3503
2019-07-06,0.3503,0.3502
2019-07-07,0.35,0.35
2019-07-08,,0.3498
2019-07-09,,0.3497
2019-07-10,0.3495,0.3495
2019-07-11,0.349,0.3493
2019-07-12,0.3491,0.3491
2019-07-13,0.3493,0.349
2019-07-14,0.3488,0.3488
2019-07-15,0.3486,0.3487
2019-07-16,0.3485,0.3485
2019-07-17,0.3485,0.3483
2019-07-18,0.3482,0.3481
2019-07-19,0.3482,0.3479
2019-07-20,0.3479,0.3477
2019-07-21,0.3476,0.3476
2019-07-22,0.3478,0.3474
2019-07-23,0.3476,0.3473
2019-07-24,0.3473,0.3472
2019-07-25,0.3472,0.3472
2019-07-26,0.3472,0.3471
2019-07-27,0.3472,0.3471
2019-07-28,0.3467,0.3471
2019-07-29,0.3471,0.3472
2019-07-30,0.3469,0.3472
2019-07-31,0.3466,0.3473
2019-08-01,0.3464,0.3475
2019-08-02,0.3459,0.3477
2019-08-03,0.3461,0.348
2019-08-04,0.3482,0.3484
2019-08-05,0.3491,0.3487
2019-08-06,0.35,0.349
2019-08-07,0.3504,0.3493
2019-08-08,0.3503,0.3495
2019-08-09,0.3499,0.3496
2019-08-10,0.3507,0.3498
2019-08-11,0.3503,0.35
2019-08-12,0.351,0.3501
2019-08-13,0.3503,0.3502
2019-08-14,0.351,0.3502
2019-08-15,0.3499,0.3501
2019-08-16,0.3497,0.3499
2019-08-17,0.3493,0.3498
2019-08-18,0.349,0.3497
2019-08-19,0.3492,0.3495
2019-08-20,0.3492,0.3493
2019-08-21,0.3486,0.349
2019-08-22,0.3488,0.3487
2019-08-23,0.3482,0.3485
2019-08-24,0.3482,0.3482
2019-08-25,0.3477,0.3481
2019-08-26,0.3479,0.3479
2019-08-27,0.3482,0.3477
2019-08-28,0.3473,0.3476
2019-08-29,0.3474,0.3474
2019-08-30,0.3472,0.3472
2019-08-31,0.347,0.3471
2019-09-01,0.3473,0.347
2019-09-02,0.3468,0.3468
2019-09-03,0.3467,0.3467
2019-09-04,0.3464,0.3466
2019-09-05,0.3466,0.3465
2019-09-06,0.3467,0.3464
2019-09-07,0.3466,0.3464
2019-09-08,0.3464,0.3463
2019-09-09,0.3464,0.3462
2019-09-10,0.3464,0.3462
2019-09-11,0.3458,0.3463
2019-09-12,0.3455,0.3464
2019-09-13,0.3458,0.3465
2019-09-14,0.3459,0.3466
2019-09-15,0.345,0.3468
2019-09-16,0.3471,0.3469
2019-09-17,0.3476,0.3471
2019-09-18,0.348,0.3472
2019-09-19,0.3482,0.3472
2019-09-20,0.3478,0.3473
2019-09-21,0.348,0.3474
2019-09-22,0.3472,0.3474
2019-09-23,0.3476,0.3475
2019-09-24,0.3487,0.3476
2019-09-25,0.3481,0.3476
2019-09-26,0.3477,0.3476
2019-09-27,0.3474,0.3476
2019-09-28,0.3474,0.3476
2019-09-29,0.3473,0.3475
2019-09-30,0.3475,0.3474
2019-10-01,0.3462,0.3473
2019-10-02,0.3466,0.3472
2019-10-03,0.347,0.3472
2019-10-04,0.3463,0.3471
2019-10-05,0.3474,0.3471
2019-10-06,0.3472,0.3471
2019-10-07,0.3474,0.3471
2019-10-08,0.3466,0.3471
2019-10-09,0.3474,0.3471
2019-10-10,0.3475,0.3471
2019-10-11,0.347,0.347
2019-10-12,0.3476,0.347
2019-10-13,0.3472,0.3469
2019-10-14,0.3475,0.3468
2019-10-15,0.3467,0.3468
2019-10-16,0.3468,0.3467
2019-10-17,0.3463,0.3466
2019-10-18,0.3457,0.3465
2019-10-19,0.3463,0.3463
2019-10-20,0.3463,0.3462
2019-10-21,0.3459,0.3461
2019-10-22,0.3461,0.346
2019-10-23,0.3462,0.3459
2019-10-24,0.3453,0.3458
2019-10-25,0.3453,0.3457
2019-10-26,0.3458,0.3456
2019-10-27,0.3456,0.3455
2019-10-28,0.3454,0.3454
2019-10-29,0.3457,0.3453
2019-10-30,0.3449,0.3453
2019-10-31,0.345,0.3452
2019-11-01,0.3451,0.3452
2019-11-02,0.3454,0.3452
2019-11-03,0.3449,0.3452
2019-11-04,0.3459,0.3452
2019-11-05,0.3456,0.3452
2019-11-06,0.3435,0.3452
2019-11-07,0.3452,0.3452
2019-11-08,0.3453,0.3452
2019-11-09,0.3456,0.3452
2019-11-10,0.3453,0.3452
2019-11-11,0.3449,0.3453
2019-11-12,0.3454,0.3453
2019-11-13,0.3456,0.3453
2019-11-14,0.3453,0.3454
2019-11-15,0.3457,0.3453
2019-11-16,0.3452,0.3453
2019-11-17,0.3455,0.3453
2019-11-18,0.3458,0.3452
2019-11-19,0.3457,0.3452
2019-11-20,0.3453,0.3452
2019-11-21,0.3443,0.3452
2019-11-22,0.3448,0.3452
2019-11-23,0.3457,0.3452
2019-11-24,0.3454,0.3452
2019-11-25,0.3454,0.3452
2019-11-26,0.3454,0.3452
2019-11-27,0.3436,0.3452
2019-11-28,0.3444,0.3452
2019-11-29,0.3438,0.3452
2019-11-30,0.3457,0.3452
2019-12-01,0.3462,0.3452
2019-12-02,0.3459,0.3453
2019-12-03,0.3465,0.3454
2019-12-04,0.3451,0.3455
2019-12-05,0.3454,0.3456
2019-12-06,0.346,0.3457
2019-12-07,0.3467,0.3458
2019-12-08,0.3439,0.3458
2019-12-09,0.3454,0.3458
2019-12-10,0.3459,0.3459
2019-12-11,0.345,0.3459
2019-12-12,0.3464,0.3459
2019-12-13,0.3467,0.3459
2019-12-14,0.3465,0.3459
2019-12-15,0.3466,0.3459
2019-12-16,0.3456,0.3458
2019-12-17,0.3458,0.3458
2019-12-18,0.3459,0.3456
2019-12-19,0.3452,0.3455
2019-12-20,0.3461,0.3454
2019-12-21,0.3462,0.3453
2019-12-22,0.3459,0.3453
2019-12-23,0.3442,0.3452
2019-12-24,0.3438,0.3451
2019-12-25,0.3453,0.345
2019-12-26,0.346,0.345
2019-12-27,0.3438,0.345
2019-12-28,0.3438,0.345
2019-12-29,0.3429,0.3451
2019-12-30,0.3451,0.3451
2019-12-31,0.3459,0.3452
2020-01-01,0.3461,0.3452
2020-01-02,0.3447,0.3452
2020-01-03,0.3458,0.3453
2020-01-04,0.3463,0.3453
2020-01-05,0.346,0.3454
2020-01-06,0.3459,0.3455
2020-01-07,0.346,0.3456
2020-01-08,0.3458,0.3456
2020-01-09,0.3442,0.3457
2020-01-10,0.3456,0.3457
2020-01-11,0.3458,0.3457
2020-01-12,0.3459,0.3457
2020-01-13,0.3461,0.3457
2020-01-14,0.3461,0.3457
2020-01-15,0.3456,0.3457
2020-01-16,0.3431,0.3457
2020-01-17,0.3462,0.3457
2020-01-18,0.3461,0.3457
2020-01-19,0.3462,0.3457
2020-01-20,0.3461,0.3457
2020-01-21,0.3428,0.3457
2020-01-22,0.3457,0.3456
2020-01-23,0.346,0.3456
2020-01-24,0.346,0.3456
2020-01-25,0.346,0.3456
2020-01-26,0.3459,0.3456
2020-01-27,0.3432,0.3455
2020-01-28,0.3456,0.3455
2020-01-29,0.3455,0.3454
2020-01-30,0.3457,0.3453
2020-01-31,0.3455,0.3452
2020-02-01,0.3461,0.3452
2020-02-02,0.3458,0.3451
2020-02-03,0.3451,0.3451
2020-02-04,0.3436,0.3451
2020-02-05,0.3445,0.3451
2020-02-06,0.3454,0.3451
2020-02-07,0.3459,0.3451
2020-02-08,0.3461,0.3451
2020-02-09,0.3451,0.3452
2020-02-10,0.3433,0.3452
2020-02-11,0.3432,0.3452
2020-02-12,0.3452,0.3452
2020-02-13,0.3454,0.3452
2020-02-14,0.3456,0.3452
2020-02-15,0.3457,0.3452
2020-02-16,0.3462,0.3452
2020-02-17,0.3462,0.3452
2020-02-18,0.346,0.3452
2020-02-19,0.3455,0.3452
2020-02-20,0.3453,0.3452
2020-02-21,0.3446,0.3452
2020-02-22,0.3436,0.3451
2020-02-23,0.3438,0.3451
2020-02-24,0.3458,0.3451
2020-02-25,0.3442,0.3451
2020-02-26,0.3453,0.3451
2020-02-27,0.3454,0.345
2020-02-28,0.345,0.345
2020-02-29,0.3456,0.345
2020-03-01,0.3451,0.3451
2020-03-02,0.3454,0.3451
2020-03-03,0.3449,0.3451
2020-03-04,0.3454,0.3451
2020-03-05,0.3456,0.3451
2020-03-06,0.3452,0.3451
2020-03-07,0.3456,0.3451
2020-03-08,0.3429,0.3451
2020-03-09,0.3455,0.3451
2020-03-10,0.3454,0.3451
2020-03-11,0.3453,0.3451
2020-03-12,0.3445,0.3451
2020-03-13,0.3449,0.3451
2020-03-14,0.3457,0.3451
2020-03-15,0.3451,0.3451
2020-03-16,0.3458,0.3451
2020-03-17,0.3447,0.3451
2020-03-18,0.3445,0.3452
2020-03-19,0.3448,0.3452
2020-03-20,0.3454,0.3452
2020-03-21,0.3454,0.3452
2020-03-22,0.3454,0.3453
2020-03-23,0.3456,0.3453
2020-03-24,0.3458,0.3453
2020-03-25,0.346,0.3453
2020-03-26,0.3448,0.3454
2020-03-27,0.3452,0.3454
2020-03-28,0.3452,0.3454
2020-03-29,0.3454,0.3455
2020-03-30,0.3449,0.3455
2020-03-31,0.3453,0.3455
2020-04-01,0.3455,0.3455
2020-04-02,0.3455,0.3455
2020-04-03,0.3453,0.3455
2020-04-04,0.3458,0.3455
2020-04-05,0.3456,0.3455
2020-04-06,0.3458,0.3455
2020-04-07,0.3458,0.3455
2020-04-08,0.346,0.3455
2020-04-09,0.346,0.3455
2020-04-10,0.3458,0.3455
2020-04-11,0.3454,0.3455
2020-04-12,0.3447,0.3454
2020-04-13,0.3445,0.3454
2020-04-14,0.3453,0.3454
2020-04-15,0.3456,0.3454
2020-04-16,0.3457,0.3455
2020-04-17,0.3457,0.3455
2020-04-18,0.3454,0.3455
2020-04-19,0.3456,0.3456
2020-04-20,0.3455,0.3456
2020-04-21,0.3457,0.3457
2020-04-22,0.3454,0.3457
2020-04-23,0.3456,0.3458
2020-04-24,0.3458,0.3458
2020-04-25,0.3461,0.3459
2020-04-26,0.3463,0.346
2020-04-27,0.3459,0.3461
2020-04-28,0.3463,0.3462
2020-04-29,0.3463,0.3462
2020-04-30,0.3464,0.3463
2020-05-01,0.3466,0.3463
2020-05-02,0.3463,0.3464
2020-05-03,0.3464,0.3464
2020-05-04,0.3463,0.3464
2020-05-05,0.3467,0.3464
2020-05-06,0.3465,0.3465
2020-05-07,0.3465,0.3465
2020-05-08,0.3464,0.3465
2020-05-09,0.3466,0.3465
2020-05-10,0.3468,0.3466
2020-05-11,0.3462,0.3466
2020-05-12,0.3462,0.3466
2020-05-13,0.3463,0.3466
2020-05-14,0.3465,0.3466
2020-05-15,0.3466,0.3466
2020-05-16,0.3466,0.3466
2020-05-17,0.347,0.3466
2020-05-18,0.347,0.3466
2020-05-19,0.3472,0.3466
2020-05-20,0.3465,0.3466
2020-05-21,0.3464,0.3466
2020-05-22,0.3463,0.3466
2020-05-23,0.3464,0.3466
2020-05-24,0.3462,0.3465
2020-05-25,0.3461,0.3465
2020-05-26,0.3463,0.3465
2020-05-27,0.3464,0.3465
2020-05-28,0.3465,0.3464
2020-05-29,0.3466,0.3464
2020-05-30,0.3468,0.3464
2020-05-31,0.3467,0.3463
2020-06-01,0.3463,0.3463
2020-06-02,0.3464,0.3462
2020-06-03,0.3462,0.3462
2020-06-04,0.3461,0.3461
2020-06-05,0.3461,0.3461
2020-06-06,0.3462,0.346
2020-06-07,0.3459,0.346
2020-06-08,0.3458,0.3459
2020-06-09,0.3451,0.3458
2020-06-10,0.3456,0.3458
2020-06-11,0.3457,0.3457
2020-06-12,0.3459,0.3456
2020-06-13,0.3461,0.3456
2020-06-14,0.3453,0.3456
2020-06-15,0.3455,0.3456
2020-06-16,0.3457,0.3455
2020-06-17,0.3456,0.3455
2020-06-18,0.3445,0.3454
2020-06-19,0.3454,0.3454
2020-06-20,0.3455,0.3454
2020-06-21,0.3456,0.3453
2020-06-22,0.3459,0.3452
2020-06-23,0.3454,0.3452
2020-06-24,0.3451,0.3451
2020-06-25,0.3453,0.3451
2020-06-26,0.3447,0.345
2020-06-27,0.3447,0.3449
2020-06-28,0.345,0.3449
2020-06-29,0.3446,0.3448
2020-06-30,0.3444,0.3448
2020-07-01,0.3444,0.3447
2020-07-02,0.3446,0.3447
2020-07-03,0.3448,0.3446
2020-07-04,0.3445,0.3445
2020-07-05,0.3447,0.3445
2020-07-06,0.3446,0.3444
2020-07-07,0.3445,0.3444
2020-07-08,0.3448,0.3442
2020-07-09,0.3446,0.3441
2020-07-10,0.344,0.3439
2020-07-11,0.3443,0.3438
2020-07-12,0.3443,0.3437
2020-07-13,0.3437,0.3437
2020-07-14,0.3435,0.3437
2020-07-15,0.3443,0.3438
2020-07-16,0.3438,0.344
2020-07-17,0.3442,0.3441
2020-07-18,0.344,0.3443
2020-07-19,0.3439,0.3445
2020-07-20,0.3439,0.3448
2020-07-21,0.3436,0.3451
2020-07-22,0.3435,0.3455
2020-07-23,0.3446,0.346
2020-07-24,0.3458,0.3466
2020-07-25,0.3475,0.3473
2020-07-26,0.351,0.348
2020-07-27,0.3494,0.3488
2020-07-28,0.3507,0.3495
2020-07-29,0.3496,0.3502
2020-07-30,0.3498,0.3508
2020-07-31,0.351,0.3514
2020-08-01,0.3523,0.352
2020-08-02,0.353,0.3527
2020-08-03,0.3534,0.3533
2020-08-04,0.3538,0.3539
2020-08-05,0.3551,0.3545
2020-08-06,0.3549,0.3549
2020-08-07,0.3565,0.3553
2020-08-08,0.3549,0.3555
2020-08-09,0.3561,0.3557
2020-08-10,0.3562,0.3558
2020-08-11,0.3557,0.3558
2020-08-12,0.356,0.3558
2020-08-13,0.3565,0.3558
2020-08-14,0.3565,0.3557
2020-08-15,0.3557,0.3556
2020-08-16,0.3554,0.3554
2020-08-17,0.3546,0.3552
2020-08-18,0.3553,0.3548
2020-08-19,0.3546,0.3544
2020-08-20,0.3535,0.354
2020-08-21,0.3531,0.3535
2020-08-22,0.3531,0.3531
2020-08-23,0.3531,0.3527
2020-08-24,0.352,0.3524
2020-08-25,0.3516,0.352
2020-08-26,0.351,0.3516
2020-08-27,0.3512,0.3512
2020-08-28,0.3507,0.3507
2020-08-29,0.3505,0.3503
2020-08-30,0.3505,0.35
2020-08-31,0.3501,0.3497
2020-09-01,0.3487,0.3494
2020-09-02,0.3486,0.3492
2020-09-03,0.3482,0.349
2020-09-04,0.3487,0.3488
2020-09-05,0.349,0.3486
2020-09-06,0.3485,0.3485
2020-09-07,0.3484,0.3484
2020-09-08,0.3474,0.3483
2020-09-09,0.3477,0.3482
2020-09-10,0.3483,0.3481
2020-09-11,0.3482,0.348
2020-09-12,0.3486,0.3479
2020-09-13,0.3485,0.3478
2020-09-14,0.3485,0.3478
2020-09-15,0.3476,0.3477
2020-09-16,0.3479,0.3476
2020-09-17,0.3472,0.3475
2020-09-18,0.3471,0.3474
2020-09-19,0.347,0.3473
2020-09-20,0.347,0.3471
2020-09-21,0.347,0.347
2020-09-22,0.3473,0.3468
2020-09-23,0.3467,0.3467
2020-09-24,0.3465,0.3466
2020-09-25,0.3464,0.3464
2020-09-26,0.3462,0.3463
2020-09-27,0.3464,0.3462
2020-09-28,0.346,0.3461
2020-09-29,0.3459,0.3459
2020-09-30,0.3457,0.3458
2020-10-01,0.3459,0.3457
2020-10-02,0.3459,0.3456
2020-10-03,0.3454,0.3455
2020-10-04,0.3454,0.3454
2020-10-05,0.3451,0.3454
2020-10-06,0.3447,0.3454
2020-10-07,0.3452,0.3453
2020-10-08,0.345,0.3453
2020-10-09,0.3451,0.3452
2020-10-10,0.3451,0.3452
2020-10-11,0.3452,0.3451
2020-10-12,0.3453,0.345
2020-10-13,0.3451,0.3449
2020-10-14,0.3448,0.3448
2020-10-15,0.3452,0.3446
2020-10-16,0.3451,0.3445
2020-10-17,0.3451,0.3443
2020-10-18,,0.3442
2020-10-19,,0.3441
2020-10-20,,0.344
2020-10-21,,0.3439
2020-10-22,,0.3438
2020-10-23,,0.3437
2020-10-24,,0.3436
2020-10-25,,0.3436
2020-10-26,0.34,0.3435
2020-10-27,0.3428,0.3435
2020-10-28,0.3429,0.3435
2020-10-29,0.3441,0.3436
2020-10-30,0.3443,0.3437
2020-10-31,0.3445,0.3438
2020-11-01,0.3447,0.344
2020-11-02,0.3447,0.3441
2020-11-03,0.3448,0.3443
2020-11-04,0.3448,0.3444
2020-11-05,0.3443,0.3445
2020-11-06,0.3441,0.3445
2020-11-07,0.3444,0.3446
2020-11-08,0.3449,0.3446
2020-11-09,0.3446,0.3446
2020-11-10,0.3441,0.3446
2020-11-11,0.3442,0.3446
2020-11-12,0.3442,0.3446
2020-11-13,0.3438,0.3445
2020-11-14,0.3445,0.3445
2020-11-15,0.3446,0.3445
2020-11-16,0.3446,0.3444
2020-11-17,0.345,0.3444
2020-11-18,0.3444,0.3443
2020-11-19,0.345,0.3442
2020-11-20,0.3448,0.3442
2020-11-21,0.3446,0.3442
2020-11-22,0.3435,0.3441
2020-11-23,0.3443,0.3441
2020-11-24,0.3433,0.3441
2020-11-25,0.3441,0.344
2020-11-26,0.3442,0.344
2020-11-27,0.3419,0.344
2020-11-28,0.344,0.3439
2020-11-29,0.344,0.3439
2020-11-30,0.344,0.3438
2020-12-01,0.3441,0.3438
2020-12-02,0.3431,0.3437
2020-12-03,0.3439,0.3437
2020-12-04,0.3442,0.3437
2020-12-05,0.3443,0.3436
2020-12-06,0.3443,0.3436
2020-12-07,0.3443,0.3436
2020-12-08,0.3443,0.3436
2020-12-09,0.3444,0.3436
2020-12-10,0.3407,0.3436
2020-12-11,,0.3436
2020-12-12,0.3428,0.3436
2020-12-13,0.3442,0.3436
2020-12-14,0.3416,0.3436
2020-12-15,0.3437,0.3436
2020-12-16,0.3442,0.3436
2020-12-17,0.3435,0.3437
2020-12-18,0.3436,0.3438
2020-12-19,0.3442,0.3438
2020-12-20,0.3444,0.3439
2020-12-21,0.3448,0.344
2020-12-22,0.3444,0.3441
2020-12-23,0.344,0.3442
2020-12-24,0.3442,0.3442
2020-12-25,0.3442,0.3442
2020-12-26,0.3445,0.3443
2020-12-27,0.3444,0.3443
2020-12-28,0.3449,0.3443
2020-12-29,0.3432,0.3443
2020-12-30,0.3442,0.3443
2020-12-31,0.3441,0.3443
2021-01-01,0.344,0.3443
2021-01-02,0.3443,0.3443
2021-01-03,0.3445,0.3442
2021-01-04,0.3449,0.3442
2021-01-05,0.3446,0.3442
2021-01-06,0.3447,0.3441
2021-01-07,0.3446,0.3441
2021-01-08,0.3444,0.3441
2021-01-09,0.3427,0.3441
2021-01-10,0.3431,0.3441
2021-01-11,0.3436,0.3441
2021-01-12,0.3437,0.3441
2021-01-13,0.3441,0.3441
2021-01-14,0.3444,0.344
2021-01-15,0.3443,0.344
2021-01-16,0.3436,0.344
2021-01-17,0.3446,0.3439
2021-01-18,0.3444,0.3439
2021-01-19,0.3441,0.3438
2021-01-20,0.3441,0.3438
2021-01-21,0.3441,0.3438
2021-01-22,0.3442,0.3437
2021-01-23,0.3442,0.3437
2021-01-24,0.3434,0.3436
2021-01-25,0.3422,0.3436
2021-01-26,0.3425,0.3436
2021-01-27,0.3441,0.3436
2021-01-28,0.3422,0.3436
2021-01-29,0.3439,0.3436
2021-01-30,,0.3436
2021-01-31,,0.3436
2021-02-01,,0.3436
2021-02-02,0.3446,0.3436
2021-02-03,0.3425,0.3435
2021-02-04,0.3439,0.3435
2021-02-05,0.344,0.3435
2021-02-06,0.3438,0.3435
2021-02-07,0.3442,0.3434
2021-02-08,0.3439,0.3434
2021-02-09,0.3438,0.3434
2021-02-10,0.3424,0.3434
2021-02-11,0.3441,0.3434
2021-02-12,0.3422,0.3433
2021-02-13,0.3429,0.3433
2021-02-14,0.3425,0.3432
2021-02-15,0.3436,0.3432
2021-02-16,0.3429,0.3432
2021-02-17,0.3423,0.3431
2021-02-18,0.3427,0.3431
2021-02-19,0.3437,0.3431
2021-02-20,0.3438,0.3431
2021-02-21,0.3433,0.3431
2021-02-22,0.3437,0.3432
2021-02-23,0.3435,0.3432
2021-02-24,0.3437,0.3432
2021-02-25,0.3424,0.3432
2021-02-26,0.343,0.3432
2021-02-27,0.3432,0.3432
2021-02-28,0.3422,0.3432
2021-03-01,0.3432,0.3432
2021-03-02,0.3433,0.3432
2021-03-03,0.3436,0.3432
2021-03-04,0.3431,0.3431
2021-03-05,0.3433,0.3431
2021-03-06,0.3432,0.343
2021-03-07,,0.3429
2021-03-08,,0.3429
2021-03-09,,0.3428
2021-03-10,0.3435,0.3426
2021-03-11,0.343,0.3426
2021-03-12,0.3432,0.3425
2021-03-13,0.3417,0.3424
2021-03-14,0.34,0.3423
2021-03-15,0.3424,0.3423
2021-03-16,0.3428,0.3422
2021-03-17,,0.3421
2021-03-18,,0.3421
2021-03-19,,0.342
2021-03-20,,0.3421
2021-03-21,,0.3422
2021-03-22,,0.3422
2021-03-23,,0.3423
2021-03-24,,0.3424
2021-03-25,0.3419,0.3424
2021-03-26,0.3423,0.3426
2021-03-27,0.3427,0.3426
2021-03-28,0.343,0.3428
2021-03-29,0.3431,0.3428
2021-03-30,0.3432,0.3429
2021-03-31,,0.343
2021-04-01,,0.343
2021-04-02,0.3429,0.343
2021-04-03,0.3434,0.343
2021-04-04,0.3433,0.343
2021-04-05,0.3429,0.343
2021-04-06,0.3429,0.343
2021-04-07,,0.343
2021-04-08,,0.3429
2021-04-09,0.3433,0.3429
2021-04-10,,0.3428
2021-04-11,0.3433,0.3428
2021-04-12,0.3417,0.3427
2021-04-13,0.3428,0.3426
2021-04-14,0.3431,0.3425
2021-04-15,0.3423,0.3425
2021-04-16,0.3423,0.3424
2021-04-17,0.3419,0.3424
2021-04-18,0.3416,0.3424
2021-04-19,0.3425,0.3423
2021-04-20,0.3426,0.3423
2021-04-21,0.3425,0.3422
2021-04-22,0.3423,0.3422
2021-04-23,0.342,0.3422
2021-04-24,0.3426,0.3422
2021-04-25,0.343,0.3422
2021-04-26,0.3424,0.3422
2021-04-27,0.3416,0.3422
2021-04-28,0.3409,0.3423
2021-04-29,0.3419,0.3423
2021-04-30,0.3425,0.3423
2021-05-01,0.3428,0.3424
2021-05-02,0.3426,0.3424
2021-05-03,0.3423,0.3424
2021-05-04,0.3426,0.3424
2021-05-05,0.3428,0.3424
2021-05-06,0.343,0.3424
2021-05-07,0.3424,0.3424
2021-05-08,0.3421,0.3424
2021-05-09,0.3417,0.3424
2021-05-10,0.3422,0.3423
2021-05-11,0.3423,0.3423
2021-05-12,0.3425,0.3423
2021-05-13,0.3425,0.3423
2021-05-14,0.3424,0.3422
2021-05-15,0.3424,0.3422
2021-05-16,0.3421,0.3422
2021-05-17,0.3419,0.3422
2021-05-18,0.3412,0.3422
2021-05-19,0.3419,0.3422
2021-05-20,0.3425,0.3422
2021-05-21,0.3425,0.3422
2021-05-22,0.3422,0.3422
2021-05-23,0.3419,0.3422
2021-05-24,0.3423,0.3422
2021-05-25,0.3424,0.3422
2021-05-26,0.3423,0.3422
2021-05-27,0.342,0.3422
2021-05-28,0.3422,0.3422
2021-05-29,0.3425,0.3421
2021-05-30,0.3427,0.3421
2021-05-31,0.342,0.3421
2021-06-01,0.3418,0.3421
2021-06-02,0.3423,0.342
2021-06-03,0.3419,0.342
2021-06-04,0.342,0.342
2021-06-05,0.3416,0.342
2021-06-06,0.3418,0.342
2021-06-07,0.3421,0.342
2021-06-08,0.3415,0.3421
2021-06-09,0.3424,0.3421
2021-06-10,0.3417,0.3421
2021-06-11,0.3422,0.3421
2021-06-12,0.3426,0.3421
2021-06-13,0.3418,0.3421
2021-06-14,0.3419,0.3421
2021-06-15,0.3422,0.342
2021-06-16,0.3423,0.3419
2021-06-17,0.3426,0.3419
2021-06-18,0.3426,0.3418
2021-06-19,0.3422,0.3418
2021-06-20,0.3419,0.3418
2021-06-21,0.3422,0.3418
2021-06-22,0.3421,0.3418
2021-06-23,0.3422,0.3418
2021-06-24,0.3419,0.3418
2021-06-25,0.3415,0.3418
2021-06-26,0.3414,0.3418
2021-06-27,0.3418,0.342
2021-06-28,0.3403,0.3422
2021-06-29,0.3405,0.3425
2021-06-30,0.3423,0.3429
2021-07-01,0.3434,0.3432
2021-07-02,0.3448,0.3436
2021-07-03,0.3448,0.3441
2021-07-04,0.3451,0.3447
2021-07-05,0.3458,0.3453
2021-07-06,0.3468,0.3461
2021-07-07,0.3474,0.3469
2021-07-08,0.3477,0.3478
2021-07-09,0.3485,0.3488
2021-07-10,0.3489,0.3499
2021-07-11,0.3505,0.351
2021-07-12,0.3514,0.3522
2021-07-13,0.3523,0.3534
2021-07-14,0.3543,0.3547
2021-07-15,0.3556,0.356
2021-07-16,0.3569,0.3576
2021-07-17,0.3582,0.3593
2021-07-18,0.36,0.361
2021-07-19,0.3629,0.3628
2021-07-20,0.3643,0.3645
2021-07-21,0.3657,0.366
2021-07-22,0.3673,0.3674
2021-07-23,0.3699,0.3687
2021-07-24,0.3705,0.37
2021-07-25,0.372,0.3713
2021-07-26,0.3726,0.3726
2021-07-27,0.3746,0.3738
2021-07-28,0.3752,0.3748
2021-07-29,0.3764,0.3756
2021-07-30,0.3776,0.3762
2021-07-31,0.3775,0.3765
2021-08-01,0.3786,0.3766
2021-08-02,0.3783,0.3766
2021-08-03,0.3775,0.3764
2021-08-04,0.3766,0.3761
2021-08-05,0.3758,0.3757
2021-08-06,0.375,0.3752
2021-08-07,0.3732,0.3748
2021-08-08,0.3721,0.3742
2021-08-09,0.3717,0.3733
2021-08-10,0.3721,0.3723
2021-08-11,0.3702,0.3711
2021-08-12,,0.3699
2021-08-13,0.3716,0.3688
2021-08-14,0.3711,0.3678
2021-08-15,0.3661,0.367
2021-08-16,0.3684,0.3663
2021-08-17,0.3652,0.3656
2021-08-18,0.365,0.3649
2021-08-19,0.3639,0.3642
2021-08-20,0.3628,0.3636
2021-08-21,0.3603,0.3631
2021-08-22,0.3609,0.3627
2021-08-23,0.3617,0.3626
2021-08-24,0.3596,0.3626
2021-08-25,0.3594,0.363
2021-08-26,0.359,0.3636
2021-08-27,0.3641,0.3643
2021-08-28,0.3644,0.365
2021-08-29,0.365,0.3656
2021-08-30,0.3672,0.3661
2021-08-31,0.3665,0.3664
2021-09-01,0.3707,0.3664
2021-09-02,0.3693,0.3666
2021-09-03,0.3687,0.3666
2021-09-04,0.3704,0.3667
2021-09-05,0.371,0.3666
2021-09-06,0.3688,0.3664
2021-09-07,0.3664,0.3661
2021-09-08,0.3652,0.3657
2021-09-09,0.3644,0.3649
2021-09-10,0.3627,0.3639
2021-09-11,0.3613,0.3626
2021-09-12,0.3603,0.3613
2021-09-13,0.3594,0.3599
2021-09-14,0.359,0.3585
2021-09-15,0.3573,0.3574
2021-09-16,0.3564,0.3564
2021-09-17,0.3548,0.3556
2021-09-18,0.3547,0.3549
2021-09-19,0.3545,0.3542
2021-09-20,0.3524,0.3536
2021-09-21,0.3513,0.353
2021-09-22,0.3509,0.3524
2021-09-23,0.3502,0.352
2021-09-24,0.3502,0.3516
2021-09-25,0.3494,0.3513
2021-09-26,0.3517,0.3512
2021-09-27,0.352,0.3512
2021-09-28,0.3516,0.3511
2021-09-29,0.3515,0.351
2021-09-30,0.3519,0.3509
2021-10-01,0.3528,0.3509
2021-10-02,0.3518,0.351
2021-10-03,0.3513,0.3509
2021-10-04,0.3512,0.3506
2021-10-05,0.3512,0.3503
2021-10-06,0.3505,0.35
2021-10-07,0.3496,0.3497
2021-10-08,0.3494,0.3494
2021-10-09,0.3493,0.3491
2021-10-10,0.3476,0.3488
2021-10-11,0.3476,0.3485
2021-10-12,0.3472,0.3482
2021-10-13,,0.3478
2021-10-14,,0.3474
2021-10-15,,0.3471
2021-10-16,,0.3467
2021-10-17,,0.3463
2021-10-18,,0.3461
2021-10-19,,0.3459
2021-10-20,,0.3457
2021-10-21,,0.3457
2021-10-22,,0.3457
2021-10-23,,0.3457
2021-10-24,,0.3458
2021-10-25,,0.3458
2021-10-26,0.3452,0.3458
2021-10-27,0.3454,0.3458
2021-10-28,0.3458,0.3457
2021-10-29,0.3458,0.3457
2021-10-30,0.3459,0.3456
2021-10-31,0.3461,0.3456
2021-11-01,0.3457,0.3455
2021-11-02,0.3455,0.3455
2021-11-03,0.3456,0.3455
2021-11-04,0.3454,0.3454
2021-11-05,0.345,0.3454
2021-11-06,0.3452,0.3454
2021-11-07,0.3455,0.3453
2021-11-08,0.3453,0.3453
2021-11-09,0.3449,0.3453
2021-11-10,0.3453,0.3452
2021-11-11,0.3451,0.3452
2021-11-12,0.3451,0.3452
2021-11-13,0.3453,0.3451
2021-11-14,0.3451,0.3451
2021-11-15,0.3454,0.3451
2021-11-16,0.3449,0.345
2021-11-17,0.3451,0.345
2021-11-18,0.345,0.345
2021-11-19,0.3453,0.345
2021-11-20,0.3454,0.3449
2021-11-21,0.3446,0.3449
2021-11-22,0.3447,0.3449
2021-11-23,0.3448,0.3449
2021-11-24,0.3447,0.3449
2021-11-25,0.3447,0.3449
2021-11-26,0.3446,0.3449
2021-11-27,0.3447,0.3448
2021-11-28,0.3448,0.3448
2021-11-29,0.345,0.3448
2021-11-30,0.3449,0.3447
2021-12-01,0.3448,0.3447
2021-12-02,0.3452,0.3446
2021-12-03,0.3451,0.3446
2021-12-04,0.3452,0.3445
2021-12-05,0.345,0.3445
2021-12-06,0.345,0.3444
2021-12-07,0.3421,0.3444
2021-12-08,0.3431,0.3443
2021-12-09,0.3452,0.3443
2021-12-10,0.3439,0.3443
2021-12-11,0.3437,0.3443
2021-12-12,0.3441,0.3442
2021-12-13,0.3444,0.3442
2021-12-14,0.3444,0.3442
2021-12-15,0.3445,0.3442
2021-12-16,0.3443,0.3442
2021-12-17,0.3446,0.3442
2021-12-18,0.3439,0.3442
2021-12-19,0.3444,0.3441
2021-12-20,0.3443,0.3441
2021-12-21,0.3436,0.3441
2021-12-22,0.3446,0.3441
2021-12-23,0.3444,0.3441
2021-12-24,0.3448,0.3441
2021-12-25,0.3446,0.3441
2021-12-26,0.3444,0.344
2021-12-27,0.3418,0.344
2021-12-28,0.3439,0.344
2021-12-29,0.3444,0.344
2021-12-30,0.3436,0.344
2021-12-31,,0.344
2022-01-01,0.3427,0.344
2022-01-02,0.344,0.3441
2022-01-03,0.3441,0.3442
2022-01-04,0.3445,0.3443
2022-01-05,0.3448,0.3443
2022-01-06,0.3445,0.3444
2022-01-07,0.3452,0.3445
2022-01-08,0.3447,0.3446
2022-01-09,0.3448,0.3446
2022-01-10,0.3445,0.3446
2022-01-11,0.3444,0.3447
2022-01-12,0.3446,0.3447
2022-01-13,0.3449,0.3448
2022-01-14,0.3451,0.3448
2022-01-15,0.3447,0.3448
2022-01-16,0.3446,0.3448
2022-01-17,0.3445,0.3448
2022-01-18,0.3452,0.3447
2022-01-19,0.3444,0.3446
2022-01-20,0.3445,0.3445
2022-01-21,0.3449,0.3444
2022-01-22,0.3439,0.3443
2022-01-23,0.3444,0.3442
2022-01-24,0.3447,0.3442
2022-01-25,0.3448,0.3441
2022-01-26,0.3442,0.344
2022-01-27,0.3445,0.344
2022-01-28,0.3445,0.3439
2022-01-29,0.3444,0.3438
2022-01-30,0.3408,0.3438
2022-01-31,0.3441,0.3438
2022-02-01,0.3419,0.3437
2022-02-02,0.3413,0.3437
2022-02-03,0.3448,0.3438
2022-02-04,0.3453,0.3438
2022-02-05,0.3446,0.3438
2022-02-06,0.3441,0.3439
2022-02-07,0.3442,0.3439
2022-02-08,0.344,0.344
2022-02-09,0.344,0.3441
2022-02-10,0.3444,0.3442
2022-02-11,0.3444,0.3442
2022-02-12,0.3442,0.3442
2022-02-13,0.3444,0.3442
2022-02-14,0.3445,0.3443
2022-02-15,0.3446,0.3443
2022-02-16,0.3439,0.3443
2022-02-17,0.3437,0.3443
2022-02-18,0.3445,0.3443
2022-02-19,0.3446,0.3443
2022-02-20,0.3444,0.3443
2022-02-21,0.3438,0.3442
2022-02-22,0.3446,0.3442
2022-02-23,0.344,0.3442
2022-02-24,,0.3442
2022-02-25,,0.3442
2022-02-26,,0.3441
2022-02-27,0.3444,0.3441
2022-02-28,0.343,0.3441
2022-03-01,0.3444,0.344
2022-03-02,0.3446,0.344
2022-03-03,0.3434,0.3439
2022-03-04,0.3444,0.3439
2022-03-05,0.3442,0.3438
2022-03-06,0.3433,0.3438
2022-03-07,0.3439,0.3437
2022-03-08,0.3436,0.3436
2022-03-09,0.3439,0.3435
2022-03-10,0.3431,0.3434
2022-03-11,0.3426,0.3433
2022-03-12,0.3431,0.3432
2022-03-13,0.3436,0.3431
2022-03-14,0.3434,0.343
2022-03-15,0.3435,0.343
2022-03-16,0.3432,0.3429
2022-03-17,0.3425,0.3429
2022-03-18,0.3433,0.3428
2022-03-19,0.3429,0.3428
2022-03-20,0.3425,0.3428
2022-03-21,0.3407,0.3428
2022-03-22,0.3421,0.3428
2022-03-23,0.3425,0.3428
2022-03-24,0.3436,0.3428
2022-03-25,0.3436,0.3429
2022-03-26,0.3439,0.343
2022-03-27,0.3437,0.343
2022-03-28,0.3426,0.3431
2022-03-29,0.3423,0.3432
2022-03-30,0.3424,0.3433
2022-03-31,0.343,0.3433
2022-04-01,0.3433,0.3434
2022-04-02,0.3442,0.3435
2022-04-03,0.3437,0.3435
2022-04-04,0.344,0.3436
2022-04-05,0.3442,0.3437
2022-04-06,0.3438,0.3437
2022-04-07,0.3437,0.3438
2022-04-08,0.344,0.3438
2022-04-09,0.344,0.3438
2022-04-10,0.343,0.3438
2022-04-11,0.3443,0.3438
2022-04-12,0.3438,0.3439
2022-04-13,0.3437,0.3439
2022-04-14,0.3439,0.3439
2022-04-15,0.344,0.3439
2022-04-16,0.3439,0.3439
2022-04-17,0.3439,0.3439
2022-04-18,0.3438,0.3439
2022-04-19,0.3432,0.3439
2022-04-20,0.3441,0.3439
2022-04-21,0.3442,0.3439
2022-04-22,0.3442,0.3439
2022-04-23,0.3438,0.3439
2022-04-24,0.3436,0.3439
2022-04-25,0.3438,0.3439
2022-04-26,0.344,0.3439
2022-04-27,0.3442,0.3439
2022-04-28,0.344,0.3439
2022-04-29,0.3436,0.3439
2022-04-30,0.3437,0.3439
2022-05-01,0.3439,0.3439
2022-05-02,0.3439,0.3439
2022-05-03,0.3437,0.3439
2022-05-04,0.3437,0.3439
2022-05-05,0.3438,0.3439
2022-05-06,0.3438,0.3439
2022-05-07,0.3441,0.3439
2022-05-08,0.344,0.3439
2022-05-09,0.3441,0.3439
2022-05-10,0.344,0.3439
2022-05-11,0.3446,0.3439
2022-05-12,0.3437,0.3439
2022-05-13,0.3437,0.3438
2022-05-14,0.3436,0.3438
2022-05-15,0.3433,0.3438
2022-05-16,0.3436,0.3437
2022-05-17,0.3441,0.3437
2022-05-18,0.3433,0.3436
2022-05-19,0.3441,0.3436
2022-05-20,0.3441,0.3436
2022-05-21,0.3443,0.3436
2022-05-22,0.3433,0.3435
2022-05-23,0.3426,0.3435
2022-05-24,0.3428,0.3435
2022-05-25,0.3432,0.3435
2022-05-26,0.3433,0.3434
2022-05-27,0.3432,0.3434
2022-05-28,0.3434,0.3434
2022-05-29,0.3438,0.3434
2022-05-30,0.3437,0.3435
2022-05-31,0.3437,0.3435
2022-06-01,0.3437,0.3435
2022-06-02,0.3434,0.3435
2022-06-03,0.3437,0.3435
2022-06-04,0.343,0.3435
2022-06-05,0.3434,0.3434
2022-06-06,0.3437,0.3434
2022-06-07,0.3441,0.3433
2022-06-08,0.343,0.3433
2022-06-09,0.3434,0.3432
2022-06-10,0.3434,0.3432
2022-06-11,0.3434,0.3432
2022-06-12,0.343,0.3432
2022-06-13,0.3431,0.3431
2022-06-14,0.3433,0.343
2022-06-15,0.3431,0.3429
2022-06-16,0.3442,0.343
2022-06-17,0.3435,0.3431
2022-06-18,0.3423,0.3432
2022-06-19,0.3427,0.3433
2022-06-20,0.3425,0.3435
2022-06-21,0.3428,0.3438
2022-06-22,0.3439,0.3442
2022-06-23,0.3443,0.3448
2022-06-24,0.3445,0.3453
2022-06-25,0.3452,0.3459
2022-06-26,0.3458,0.3465
2022-06-27,0.347,0.347
2022-06-28,,0.3475
2022-06-29,0.3476,0.348
2022-06-30,0.3485,0.3486
2022-07-01,0.3495,0.3492
2022-07-02,0.35,0.3498
2022-07-03,0.3507,0.3504
2022-07-04,0.3518,0.3508
2022-07-05,0.3525,0.3512
2022-07-06,0.3536,0.3515
2022-07-07,0.3523,0.3516
2022-07-08,0.3523,0.3515
2022-07-09,0.3527,0.3513
2022-07-10,0.3512,0.3511
2022-07-11,0.3509,0.3508
2022-07-12,0.3508,0.3505
2022-07-13,0.3504,0.3502
2022-07-14,0.3498,0.35
2022-07-15,0.3492,0.3498
2022-07-16,0.3489,0.3496
2022-07-17,0.3489,0.3492
2022-07-18,0.3486,0.3489
2022-07-19,0.3484,0.3486
2022-07-20,0.3484,0.3483
2022-07-21,0.3481,0.3482
2022-07-22,0.3479,0.3483
2022-07-23,0.3478,0.3485
2022-07-24,0.3476,0.3489
2022-07-25,0.3472,0.3493
2022-07-26,0.3468,0.3498
2022-07-27,0.3474,0.3503
2022-07-28,0.351,0.3509
2022-07-29,0.3523,0.3515
2022-07-30,0.3543,0.352
2022-07-31,0.3556,0.3526
2022-08-01,0.3559,0.3532
2022-08-02,0.3565,0.354
2022-08-03,0.3561,0.3547
2022-08-04,0.3558,0.3555
2022-08-05,0.3556,0.3562
2022-08-06,0.3551,0.3569
2022-08-07,0.354,0.3575
2022-08-08,0.3542,0.3581
2022-08-09,0.3587,0.3586
2022-08-10,0.3603,0.3591
2022-08-11,0.3615,0.3597
2022-08-12,0.3617,0.3602
2022-08-13,0.3616,0.3606
2022-08-14,0.362,0.3611
2022-08-15,0.3618,0.3616
2022-08-16,0.3612,0.3621
2022-08-17,0.3616,0.3626
2022-08-18,0.3601,0.3631
2022-08-19,0.3631,0.3636
2022-08-20,0.3685,0.364
2022-08-21,0.364,0.3644
2022-08-22,0.3638,0.3647
2022-08-23,0.3635,0.365
2022-08-24,0.3657,0.3652
2022-08-25,0.3655,0.3654
2022-08-26,0.3668,0.3656
2022-08-27,0.3659,0.3658
2022-08-28,0.3651,0.366
2022-08-29,0.3643,0.3661
2022-08-30,0.3672,0.3662
2022-08-31,0.3686,0.3662
2022-09-01,0.3656,0.3661
2022-09-02,0.3656,0.3659
2022-09-03,0.366,0.3656
2022-09-04,0.3647,0.3652
2022-09-05,0.3647,0.3648
2022-09-06,0.3642,0.3643
2022-09-07,0.3634,0.3638
2022-09-08,0.3642,0.3633
2022-09-09,0.3641,0.3628
2022-09-10,0.3636,0.3622
2022-09-11,0.3633,0.3616
2022-09-12,0.3615,0.3608
2022-09-13,0.3605,0.3601
2022-09-14,0.359,0.3593
2022-09-15,0.3574,0.3586
2022-09-16,0.3558,0.3579
2022-09-17,0.3553,0.3573
2022-09-18,0.3548,0.3567
2022-09-19,0.355,0.3562
2022-09-20,0.3554,0.3556
2022-09-21,0.3546,0.355
2022-09-22,0.3543,0.3545
2022-09-23,0.3554,0.354
2022-09-24,0.355,0.3535
2022-09-25,0.3546,0.3531
2022-09-26,0.3544,0.3527
2022-09-27,0.3535,0.3524
2022-09-28,0.3524,0.3521
2022-09-29,0.3515,0.3518
2022-09-30,0.3507,0.3515
2022-10-01,0.3503,0.3513
2022-10-02,0.3497,0.3511
2022-10-03,0.3493,0.3509
2022-10-04,0.3489,0.3507
2022-10-05,,0.3506
2022-10-06,,0.3506
2022-10-07,,0.3505
2022-10-08,0.3522,0.3505
2022-10-09,0.3513,0.3505
2022-10-10,0.351,0.3505
2022-10-11,0.3503,0.3504
2022-10-12,0.3498,0.3503
2022-10-13,0.3496,0.3502
2022-10-14,0.3498,0.35
2022-10-15,0.3503,0.3499
2022-10-16,0.3512,0.3498
2022-10-17,0.3506,0.3496
2022-10-18,0.3503,0.3495
2022-10-19,0.3492,0.3493
2022-10-20,0.3488,0.3491
2022-10-21,0.3484,0.3488
2022-10-22,0.3488,0.3486
2022-10-23,0.3484,0.3483
2022-10-24,0.3474,0.3481
2022-10-25,0.3474,0.3479
2022-10-26,0.3478,0.3477
2022-10-27,0.347,0.3475
2022-10-28,0.347,0.3473
2022-10-29,0.347,0.3472
2022-10-30,0.3471,0.347
2022-10-31,0.347,0.3469
2022-11-01,0.3468,0.3468
2022-11-02,0.3469,0.3467
2022-11-03,0.347,0.3466
2022-11-04,0.3459,0.3466
2022-11-05,0.3466,0.3465
2022-11-06,0.3464,0.3464
2022-11-07,0.3464,0.3463
2022-11-08,0.3465,0.3462
2022-11-09,0.3465,0.3462
2022-11-10,0.3462,0.3461
2022-11-11,0.3456,0.346
2022-11-12,0.3458,0.346
2022-11-13,0.3463,0.3459
2022-11-14,0.3462,0.3458
2022-11-15,0.3458,0.3458
2022-11-16,0.3453,0.3457
2022-11-17,0.3456,0.3457
2022-11-18,0.3457,0.3456
2022-11-19,0.3454,0.3456
2022-11-20,0.3456,0.3455
2022-11-21,0.3458,0.3455
2022-11-22,0.3454,0.3455
2022-11-23,0.3461,0.3455
2022-11-24,0.344,0.3455
2022-11-25,0.3463,0.3455
2022-11-26,0.3456,0.3455
2022-11-27,0.3457,0.3456
2022-11-28,0.3445,0.3456
2022-11-29,0.3461,0.3456
2022-11-30,0.3455,0.3456
2022-12-01,0.346,0.3457
2022-12-02,0.3461,0.3457
2022-12-03,0.3446,0.3458
2022-12-04,0.3458,0.3458
2022-12-05,0.3467,0.3458
2022-12-06,0.3466,0.3459
2022-12-07,0.346,0.3459
2022-12-08,0.3462,0.3459
2022-12-09,0.3458,0.3459
2022-12-10,0.346,0.3459
2022-12-11,0.3462,0.346
2022-12-12,0.3453,0.346
2022-12-13,0.3459,0.346
2022-12-14,0.3463,0.346
2022-12-15,0.346,0.346
2022-12-16,0.3462,0.346
2022-12-17,0.3461,0.3461
2022-12-18,0.344,0.3461
2022-12-19,0.3464,0.3462
2022-12-20,0.3462,0.3462
2022-12-21,0.3465,0.3463
2022-12-22,0.347,0.3463
2022-12-23,0.3467,0.3463
2022-12-24,0.3469,0.3464
2022-12-25,0.3461,0.3464
2022-12-26,0.347,0.3464
2022-12-27,0.347,0.3464
2022-12-28,0.3453,0.3464
2022-12-29,0.3468,0.3465
2022-12-30,0.3471,0.3465
2022-12-31,0.3472,0.3465
2023-01-01,0.3448,0.3465
2023-01-02,0.346,0.3465
2023-01-03,0.3456,0.3465
2023-01-04,0.3469,0.3465
2023-01-05,0.346,0.3465
2023-01-06,0.3468,0.3465
2023-01-07,0.3466,0.3464
2023-01-08,0.3468,0.3464
2023-01-09,0.3469,0.3464
2023-01-10,0.3463,0.3464
2023-01-11,0.3468,0.3464
2023-01-12,0.3467,0.3463
2023-01-13,0.347,0.3463
2023-01-14,0.3467,0.3462
2023-01-15,0.3456,0.3462
2023-01-16,0.3446,0.3462
2023-01-17,0.3456,0.3462
2023-01-18,0.3471,0.3462
2023-01-19,0.3464,0.3462
2023-01-20,0.346,0.3462
2023-01-21,0.3463,0.3462
2023-01-22,0.3467,0.3462
2023-01-23,0.3444,0.3462
2023-01-24,0.3459,0.3463
2023-01-25,0.346,0.3463
2023-01-26,0.3463,0.3463
2023-01-27,0.3468,0.3464
2023-01-28,0.3468,0.3465
2023-01-29,0.3469,0.3465
2023-01-30,0.347,0.3466
2023-01-31,0.3472,0.3466
2023-02-01,0.3467,0.3466
2023-02-02,0.3466,0.3466
2023-02-03,0.3466,0.3466
2023-02-04,0.3469,0.3466
2023-02-05,0.3472,0.3466
2023-02-06,0.3471,0.3465
2023-02-07,0.3452,0.3465
2023-02-08,0.3466,0.3465
2023-02-09,0.3456,0.3464
2023-02-10,0.3463,0.3464
2023-02-11,0.3461,0.3464
2023-02-12,0.3468,0.3464
2023-02-13,0.3463,0.3463
2023-02-14,0.3469,0.3463
2023-02-15,0.3461,0.3463
2023-02-16,0.3466,0.3463
2023-02-17,0.3463,0.3463
2023-02-18,0.3462,0.3463
2023-02-19,0.3452,0.3463
2023-02-20,0.3462,0.3463
2023-02-21,0.3471,0.3464
2023-02-22,0.3456,0.3464
2023-02-23,0.3469,0.3464
2023-02-24,0.3468,0.3464
2023-02-25,0.3463,0.3465
2023-02-26,0.3463,0.3465
2023-02-27,0.3474,0.3465
2023-02-28,0.3468,0.3465
2023-03-01,0.3468,0.3466
2023-03-02,0.3457,0.3466
2023-03-03,0.3467,0.3466
2023-03-04,0.3465,0.3466
2023-03-05,0.3466,0.3466
2023-03-06,0.3465,0.3466
2023-03-07,0.3455,0.3465
2023-03-08,0.3469,0.3465
2023-03-09,0.3466,0.3464
2023-03-10,0.3468,0.3464
2023-03-11,0.347,0.3463
2023-03-12,0.3464,0.3462
2023-03-13,0.3461,0.3462
2023-03-14,0.3465,0.3462
2023-03-15,0.3461,0.3461
2023-03-16,0.3461,0.3461
2023-03-17,0.3452,0.3461
2023-03-18,0.3459,0.3461
2023-03-19,0.3459,0.346
2023-03-20,0.3449,0.346
2023-03-21,0.3461,0.346
2023-03-22,0.3467,0.346
2023-03-23,0.3466,0.3461
2023-03-24,0.3458,0.3461
2023-03-25,0.346,0.3461
2023-03-26,0.3461,0.3462
2023-03-27,0.3462,0.3462
2023-03-28,0.3462,0.3463
2023-03-29,0.3469,0.3464
2023-03-30,0.3466,0.3464
2023-03-31,0.3464,0.3465
2023-04-01,0.3468,0.3466
2023-04-02,0.3469,0.3467
2023-04-03,0.347,0.3467
2023-04-04,0.3466,0.3468
2023-04-05,0.3464,0.3469
2023-04-06,0.3467,0.347
2023-04-07,0.3469,0.3471
2023-04-08,0.3469,0.3471
2023-04-09,0.3471,0.3472
2023-04-10,0.3475,0.3474
2023-04-11,0.3477,0.3475
2023-04-12,0.3481,0.3476
2023-04-13,0.3474,0.3477
2023-04-14,0.3477,0.3478
2023-04-15,0.3477,0.3478
2023-04-16,0.3481,0.3479
2023-04-17,0.3482,0.348
2023-04-18,0.3482,0.3481
2023-04-19,0.3484,0.3481
2023-04-20,0.3481,0.3482
2023-04-21,0.3484,0.3482
2023-04-22,0.3485,0.3482
2023-04-23,0.3482,0.3483
2023-04-24,0.348,0.3483
2023-04-25,0.3482,0.3484
2023-04-26,0.3482,0.3484
2023-04-27,0.3483,0.3485
2023-04-28,0.3481,0.3485
2023-04-29,0.3485,0.3485
2023-04-30,0.3483,0.3486
2023-05-01,0.3486,0.3486
2023-05-02,0.3491,0.3486
2023-05-03,0.3487,0.3486
2023-05-04,0.3489,0.3486
2023-05-05,0.3489,0.3486
2023-05-06,0.3489,0.3486
2023-05-07,0.3486,0.3486
2023-05-08,0.3486,0.3486
2023-05-09,0.3487,0.3486
2023-05-10,0.3482,0.3485
2023-05-11,0.348,0.3485
2023-05-12,0.3484,0.3484
2023-05-13,,0.3483
2023-05-14,,0.3482
2023-05-15,0.3484,0.3482
2023-05-16,0.3482,0.3481
2023-05-17,0.348,0.348
2023-05-18,0.3478,0.3479
2023-05-19,0.3478,0.3478
2023-05-20,0.3481,0.3478
2023-05-21,0.3475,0.3477
2023-05-22,0.3473,0.3476
2023-05-23,0.3474,0.3476
2023-05-24,0.3476,0.3475
2023-05-25,0.3474,0.3474
2023-05-26,0.3477,0.3474
2023-05-27,0.3471,0.3473
2023-05-28,0.3473,0.3473
2023-05-29,0.3474,0.3472
2023-05-30,0.3471,0.3471
2023-05-31,0.347,0.3471
2023-06-01,0.3468,0.347
2023-06-02,0.347,0.347
2023-06-03,0.3469,0.3469
2023-06-04,0.3471,0.3469
2023-06-05,0.3473,0.3468
2023-06-06,0.3469,0.3468
2023-06-07,0.3467,0.3468
2023-06-08,0.3465,0.3467
2023-06-09,0.3463,0.3467
2023-06-10,0.3467,0.3467
2023-06-11,0.3467,0.3467
2023-06-12,0.3466,0.3467
2023-06-13,0.3466,0.3467
2023-06-14,0.3466,0.3467
2023-06-15,0.3467,0.3467
2023-06-16,0.3464,0.3467
2023-06-17,0.3466,0.3468
2023-06-18,0.3469,0.3468
2023-06-19,0.3471,0.3468
2023-06-20,0.3466,0.3467
2023-06-21,0.3468,0.3467
2023-06-22,0.3469,0.3467
2023-06-23,0.347,0.3467
2023-06-24,0.3462,0.3466
2023-06-25,0.3471,0.3466
2023-06-26,0.3469,0.3466
2023-06-27,0.3466,0.3465
2023-06-28,0.3467,0.3465
2023-06-29,0.3466,0.3464
2023-06-30,0.3456,0.3463
2023-07-01,0.3459,0.3462
2023-07-02,0.3458,0.3462
2023-07-03,0.3458,0.3461
2023-07-04,0.3459,0.346
2023-07-05,0.3464,0.3458
2023-07-06,0.3458,0.3458
2023-07-07,0.3456,0.3456
2023-07-08,0.3455,0.3455
2023-07-09,0.3457,0.3454
2023-07-10,0.3454,0.3453
2023-07-11,0.3454,0.3452
2023-07-12,0.3452,0.345
2023-07-13,0.3449,0.3449
2023-07-14,0.345,0.3448
2023-07-15,0.3441,0.3447
2023-07-16,0.344,0.3446
2023-07-17,0.3444,0.3444
2023-07-18,0.3444,0.3443
2023-07-19,0.344,0.3442
2023-07-20,0.3439,0.344
2023-07-21,0.3444,0.3439
2023-07-22,0.3439,0.3438
2023-07-23,0.3438,0.3437
2023-07-24,0.3438,0.3436
2023-07-25,0.3435,0.3434
2023-07-26,0.3435,0.3432
2023-07-27,0.3435,0.3431
2023-07-28,0.3434,0.3429
2023-07-29,0.3435,0.3429
2023-07-30,,0.3429
2023-07-31,,0.3429
2023-08-01,,0.3429
2023-08-02,0.3426,0.3429
2023-08-03,0.3435,0.343
2023-08-04,0.3432,0.3431
2023-08-05,0.3428,0.3432
2023-08-06,0.3425,0.3435
2023-08-07,0.3452,0.344
2023-08-08,0.3426,0.3445
2023-08-09,0.3434,0.3452
2023-08-10,0.3449,0.3459
2023-08-11,0.3456,0.3468
2023-08-12,0.3474,0.3477
2023-08-13,0.3489,0.3486
2023-08-14,0.3502,0.3496
2023-08-15,0.351,0.3506
2023-08-16,0.3523,0.3517
2023-08-17,0.3542,0.3529
2023-08-18,0.3544,0.3543
2023-08-19,0.3545,0.3557
2023-08-20,0.3557,0.357
2023-08-21,0.3562,0.3584
2023-08-22,0.3577,0.3596
2023-08-23,0.3605,0.3606
2023-08-24,0.3622,0.3614
2023-08-25,0.363,0.3623
2023-08-26,0.3643,0.3631
2023-08-27,0.3658,0.3638
2023-08-28,0.3656,0.3644
2023-08-29,0.3656,0.365
2023-08-30,0.3668,0.3654
2023-08-31,0.367,0.3657
2023-09-01,0.3676,0.3658
2023-09-02,0.3671,0.3657
2023-09-03,0.3672,0.3654
2023-09-04,0.3654,0.365
2023-09-05,0.3638,0.3646
2023-09-06,0.3632,0.3641
2023-09-07,0.3631,0.3638
2023-09-08,0.3619,0.3635
2023-09-09,0.361,0.3634
2023-09-10,0.3613,0.3632
2023-09-11,0.3607,0.363
2023-09-12,0.3617,0.3627
2023-09-13,0.3632,0.3625
2023-09-14,0.3623,0.3624
2023-09-15,0.3617,0.3625
2023-09-16,0.3613,0.3625
2023-09-17,0.3633,0.3623
2023-09-18,0.3632,0.362
2023-09-19,0.3634,0.3618
2023-09-20,0.363,0.3615
2023-09-21,0.3635,0.3611
2023-09-22,0.3623,0.3608
2023-09-23,0.3622,0.3603
2023-09-24,0.3603,0.3598
2023-09-25,0.3587,0.3592
2023-09-26,0.3579,0.3584
2023-09-27,0.3563,0.3575
2023-09-28,0.3554,0.3564
2023-09-29,0.3555,0.3553
2023-09-30,0.3545,0.3542
2023-10-01,0.3536,0.3531
2023-10-02,0.3525,0.3521
2023-10-03,0.3512,0.3512
2023-10-04,0.3502,0.3504
2023-10-05,0.349,0.3496
2023-10-06,0.348,0.3488
2023-10-07,0.347,0.3481
2023-10-08,0.3466,0.3474
2023-10-09,0.346,0.3467
2023-10-10,0.3454,0.3461
2023-10-11,0.3456,0.3456
2023-10-12,0.3451,0.3452
2023-10-13,0.3451,0.3448
2023-10-14,0.3452,0.3445
2023-10-15,0.3446,0.3443
2023-10-16,0.3444,0.3441
2023-10-17,0.3436,0.3439
2023-10-18,0.3436,0.3438
2023-10-19,0.3436,0.3436
2023-10-20,0.3437,0.3434
2023-10-21,0.3428,0.3434
2023-10-22,0.344,0.3433
2023-10-23,0.3441,0.3433
2023-10-24,0.342,0.3433
2023-10-25,0.343,0.3433
2023-10-26,0.3431,0.3433
2023-10-27,0.3435,0.3432
2023-10-28,0.3437,0.3432
2023-10-29,0.3433,0.3432
2023-10-30,0.3426,0.3432
2023-10-31,0.343,0.3433
2023-11-01,0.3434,0.3433
2023-11-02,0.3437,0.3433
2023-11-03,0.3438,0.3433
2023-11-04,0.3438,0.3434
2023-11-05,0.3436,0.3434
2023-11-06,0.3442,0.3434
2023-11-07,0.3439,0.3434
2023-11-08,0.344,0.3434
2023-11-09,0.3438,0.3434
2023-11-10,0.3412,0.3434
2023-11-11,0.3416,0.3434
2023-11-12,,0.3435
2023-11-13,,0.3436
2023-11-14,0.3442,0.3436
2023-11-15,0.3438,0.3437
2023-11-16,0.3439,0.3438
2023-11-17,0.3448,0.3439
2023-11-18,0.3434,0.344
2023-11-19,0.3438,0.3441
2023-11-20,0.3443,0.3442
2023-11-21,0.3445,0.3444
2023-11-22,0.3446,0.3445
2023-11-23,0.3449,0.3446
2023-11-24,0.3452,0.3447
2023-11-25,0.3446,0.3449
2023-11-26,0.3451,0.345
2023-11-27,0.3448,0.3451
2023-11-28,0.3454,0.3452
2023-11-29,0.3459,0.3454
2023-11-30,0.3445,0.3454
2023-12-01,0.3449,0.3455
2023-12-02,0.3458,0.3456
2023-12-03,0.346,0.3457
2023-12-04,0.3463,0.3458
2023-12-05,0.3458,0.3459
2023-12-06,0.3462,0.3459
2023-12-07,0.3461,0.346
2023-12-08,0.3462,0.346
2023-12-09,0.3459,0.346
2023-12-10,0.3464,0.346
2023-12-11,0.3464,0.346
2023-12-12,0.3446,0.346
2023-12-13,0.3471,0.346
2023-12-14,0.3458,0.346
2023-12-15,0.3461,0.346
2023-12-16,0.3463,0.3461
2023-12-17,0.3464,0.3461
2023-12-18,0.3464,0.3461
2023-12-19,0.3451,0.3462
2023-12-20,0.3443,0.3462
2023-12-21,0.3466,0.3462
2023-12-22,0.3465,0.3463
2023-12-23,0.3465,0.3463
2023-12-24,0.3466,0.3464
2023-12-25,0.3464,0.3464
2023-12-26,0.3466,0.3464
2023-12-27,0.3468,0.3465
2023-12-28,0.3468,0.3465
2023-12-29,0.3469,0.3466
2023-12-30,0.3469,0.3466
2023-12-31,0.3469,0.3467
2024-01-01,0.3462,0.3467
2024-01-02,0.3469,0.3467
2024-01-03,0.3472,0.3468
2024-01-04,0.3462,0.3468
2024-01-05,0.3469,0.3468
2024-01-06,0.3471,0.3468
2024-01-07,0.3459,0.3468
2024-01-08,0.3459,0.3469
2024-01-09,0.3471,0.3469
2024-01-10,0.3474,0.3469
2024-01-11,0.3459,0.347
2024-01-12,0.3472,0.347
2024-01-13,0.3476,0.347
2024-01-14,0.3479,0.3471
2024-01-15,0.3469,0.3471
2024-01-16,0.3474,0.3471
2024-01-17,0.3473,0.3471
2024-01-18,0.3477,0.3471
2024-01-19,0.3475,0.3471
2024-01-20,0.3472,0.3471
2024-01-21,0.3461,0.3471
2024-01-22,0.3466,0.3471
2024-01-23,0.3468,0.3471
2024-01-24,0.3472,0.347
2024-01-25,0.3463,0.347
2024-01-26,0.3472,0.347
2024-01-27,0.3472,0.347
2024-01-28,0.3472,0.347
2024-01-29,0.3473,0.347
2024-01-30,0.3474,0.347
2024-01-31,0.3468,0.347
2024-02-01,0.3476,0.347
2024-02-02,0.3462,0.347
2024-02-03,0.3462,0.347
2024-02-04,0.3472,0.347
2024-02-05,0.3472,0.347
2024-02-06,0.3458,0.3471
2024-02-07,0.3472,0.3471
2024-02-08,0.3472,0.3471
2024-02-09,0.3473,0.3472
2024-02-10,0.3484,0.3472
2024-02-11,0.3468,0.3472
2024-02-12,0.3471,0.3473
2024-02-13,0.3473,0.3473
2024-02-14,0.3474,0.3474
2024-02-15,0.3475,0.3474
2024-02-16,0.3476,0.3474
2024-02-17,0.3474,0.3475
2024-02-18,0.3473,0.3475
2024-02-19,0.3475,0.3475
2024-02-20,0.3478,0.3475
2024-02-21,0.3474,0.3475
2024-02-22,0.3475,0.3475
2024-02-23,0.347,0.3475
2024-02-24,0.3475,0.3475
2024-02-25,0.3472,0.3475
2024-02-26,0.348,0.3474
2024-02-27,0.3474,0.3474
2024-02-28,0.3472,0.3474
2024-02-29,0.3475,0.3474
2024-03-01,0.3473,0.3473
2024-03-02,0.3473,0.3473
2024-03-03,0.3475,0.3472
2024-03-04,0.3474,0.3472
2024-03-05,0.3474,0.3472
2024-03-06,0.3466,0.3471
2024-03-07,0.3466,0.347
2024-03-08,0.3465,0.347
2024-03-09,0.3469,0.3469
2024-03-10,0.347,0.3469
2024-03-11,0.3469,0.3468
2024-03-12,0.3473,0.3468
2024-03-13,0.3469,0.3468
2024-03-14,0.3469,0.3468
2024-03-15,0.346,0.3467
2024-03-16,,0.3467
2024-03-17,,0.3467
2024-03-18,,0.3468
2024-03-19,,0.3468
2024-03-20,,0.3468
2024-03-21,,0.3468
2024-03-22,0.347,0.3469
2024-03-23,,0.3469
2024-03-24,,0.347
2024-03-25,,0.3471
2024-03-26,,0.3472
2024-03-27,,0.3473
2024-03-28,,0.3473
2024-03-29,,0.3473
2024-03-30,,0.3473
2024-03-31,,0.3474
2024-04-01,,0.3474
2024-04-02,,0.3475
2024-04-03,,0.3476
2024-04-04,,0.3477
2024-04-05,,0.3478
2024-04-06,,0.3479
2024-04-07,,0.3479
2024-04-08,,0.348
2024-04-09,,0.348
2024-04-10,,0.348
2024-04-11,,0.348
2024-04-12,,0.348
2024-04-13,,0.348
2024-04-14,,0.348
2024-04-15,,0.348
2024-04-16,0.3482,0.3479
2024-04-17,0.3477,0.3479
2024-04-18,0.3475,0.3478
2024-04-19,0.348,0.3478
2024-04-20,,0.3477
2024-04-21,0.3479,0.3476
2024-04-22,0.3476,0.3476
2024-04-23,0.3476,0.3475
2024-04-24,0.3475,0.3474
2024-04-25,0.3475,0.3473
2024-04-26,0.3473,0.3472
2024-04-27,0.3465,0.3472
2024-04-28,0.347,0.3471
2024-04-29,0.3471,0.347
2024-04-30,0.3469,0.3469
2024-05-01,0.3468,0.3468
2024-05-02,0.3468,0.3468
2024-05-03,0.347,0.3467
2024-05-04,0.3468,0.3466
2024-05-05,0.3466,0.3466
2024-05-06,0.3462,0.3465
2024-05-07,0.3464,0.3465
2024-05-08,0.3464,0.3464
2024-05-09,0.3464,0.3464
2024-05-10,0.3465,0.3464
2024-05-11,0.3463,0.3463
2024-05-12,0.3459,0.3463
2024-05-13,0.3462,0.3463
2024-05-14,0.3462,0.3463
2024-05-15,0.3462,0.3463
2024-05-16,0.3464,0.3462
2024-05-17,0.3464,0.3462
2024-05-18,0.3463,0.3462
2024-05-19,0.3462,0.3462
2024-05-20,0.3462,0.3462
2024-05-21,0.3462,0.3462
2024-05-22,0.3463,0.3462
2024-05-23,0.3462,0.3462
2024-05-24,0.3461,0.3462
2024-05-25,0.3462,0.3462
2024-05-26,0.3461,0.3462
2024-05-27,0.3461,0.3461
2024-05-28,0.3464,0.3461
2024-05-29,0.3461,0.3461
2024-05-30,0.3459,0.3461
2024-05-31,0.3461,0.3461
2024-06-01,0.3461,0.346
2024-06-02,0.346,0.346
2024-06-03,0.3457,0.346
2024-06-04,0.3458,0.3459
2024-06-05,0.346,0.3459
2024-06-06,0.3456,0.3458
2024-06-07,0.3462,0.3458
2024-06-08,0.3458,0.3458
2024-06-09,0.346,0.3457
2024-06-10,0.3453,0.3457
2024-06-11,0.3457,0.3456
2024-06-12,0.3458,0.3455
2024-06-13,0.3454,0.3454
2024-06-14,0.3455,0.3453
2024-06-15,0.345,0.3452
2024-06-16,0.3451,0.3451
2024-06-17,0.345,0.345
2024-06-18,0.3452,0.345
2024-06-19,0.3452,0.345
2024-06-20,0.3457,0.345
2024-06-21,0.3454,0.345
2024-06-22,0.3449,0.3449
2024-06-23,,0.3449
2024-06-24,0.3444,0.345
2024-06-25,0.3446,0.3452
2024-06-26,0.3448,0.3455
2024-06-27,0.3456,0.3459
2024-06-28,,0.3464
2024-06-29,,0.3471
2024-06-30,,0.3479
2024-07-01,,0.3486
2024-07-02,0.3481,0.3494
2024-07-03,0.3488,0.3501
2024-07-04,0.349,0.3508
2024-07-05,0.3502,0.3514
2024-07-06,0.3518,0.352
2024-07-07,0.3535,0.3525
2024-07-08,0.3541,0.3532
2024-07-09,0.3559,0.3538
2024-07-10,0.3567,0.3544
2024-07-11,0.3578,0.355
2024-07-12,0.3578,0.3556
2024-07-13,0.3576,0.3562
2024-07-14,0.3577,0.3567
2024-07-15,0.3565,0.3573
2024-07-16,0.3563,0.3578
2024-07-17,0.3562,0.3584
2024-07-18,0.3553,0.3589
2024-07-19,0.3564,0.3596
2024-07-20,0.3578,0.3603
2024-07-21,0.3619,0.3612
2024-07-22,0.3635,0.3622
2024-07-23,0.3635,0.3633
2024-07-24,0.364,0.3645
2024-07-25,0.3656,0.3656
2024-07-26,0.3666,0.3668
2024-07-27,0.3677,0.3678
2024-07-28,0.3691,0.3688
2024-07-29,0.3703,0.3697
2024-07-30,0.3703,0.3709
2024-07-31,0.3716,0.372
2024-08-01,0.3714,0.373
2024-08-02,0.3743,0.3736
2024-08-03,0.3755,0.3741
2024-08-04,0.3754,0.3745
2024-08-05,0.375,0.3748
2024-08-06,0.3753,0.3749
2024-08-07,0.3754,0.3748
2024-08-08,0.3765,0.3745
2024-08-09,0.3761,0.3741
2024-08-10,0.3752,0.3735
2024-08-11,0.3729,0.3728
2024-08-12,0.3731,0.372
2024-08-13,0.3713,0.3713
2024-08-14,0.3699,0.3706
2024-08-15,0.3686,0.3698
2024-08-16,0.3681,0.3689
2024-08-17,0.3673,0.3679
2024-08-18,0.3655,0.3669
2024-08-19,0.3648,0.3658
2024-08-20,0.3634,0.3647
2024-08-21,0.3628,0.3638
2024-08-22,0.3634,0.3629
2024-08-23,0.3624,0.3621
2024-08-24,0.3612,0.3613
2024-08-25,0.3605,0.3606
2024-08-26,0.3598,0.3598
2024-08-27,0.3599,0.3591
2024-08-28,0.3592,0.3584
2024-08-29,0.3579,0.3578
2024-08-30,0.3575,0.3571
2024-08-31,0.3564,0.3565
2024-09-01,0.3559,0.3559
2024-09-02,0.3557,0.3553
2024-09-03,0.3535,0.3548
2024-09-04,0.353,0.3542
2024-09-05,0.3533,0.3537
2024-09-06,0.3541,0.3532
2024-09-07,0.3527,0.3528
2024-09-08,0.352,0.3524
2024-09-09,0.3522,0.352
2024-09-10,0.3521,0.3517
2024-09-11,0.351,0.3515
2024-09-12,0.351,0.3512
2024-09-13,0.3512,0.351
2024-09-14,0.3505,0.3507
2024-09-15,0.3505,0.3505
2024-09-16,0.3502,0.3502
2024-09-17,0.3507,0.35
2024-09-18,0.35,0.3498
2024-09-19,0.3497,0.3496
2024-09-20,0.3497,0.3494
2024-09-21,0.3497,0.3492
2024-09-22,0.3494,0.3491
2024-09-23,0.3487,0.3489
2024-09-24,0.3484,0.3488
2024-09-25,0.3483,0.3486
2024-09-26,0.348,0.3485
2024-09-27,0.3478,0.3484
2024-09-28,0.3486,0.3483
2024-09-29,0.3482,0.3482
2024-09-30,0.3478,0.3482
2024-10-01,0.348,0.3481
2024-10-02,0.3483,0.348
2024-10-03,0.3482,0.348
2024-10-04,0.3481,0.348
2024-10-05,0.348,0.3479
2024-10-06,0.3481,0.3479
2024-10-07,0.3478,0.3478
2024-10-08,0.3483,0.3477
2024-10-09,0.3476,0.3477
2024-10-10,0.3476,0.3476
2024-10-11,0.3475,0.3475
2024-10-12,0.3478,0.3475
2024-10-13,,0.3474
2024-10-14,0.3469,0.3473
2024-10-15,0.3476,0.3472
2024-10-16,0.3464,0.3472
2024-10-17,0.3463,0.3471
2024-10-18,0.347,0.3471
2024-10-19,0.3471,0.3471
2024-10-20,0.3475,0.3471
2024-10-21,0.3467,0.3471
2024-10-22,0.3467,0.3471
2024-10-23,0.3469,0.3471
2024-10-24,0.3473,0.3471
2024-10-25,0.3476,0.3472
2024-10-26,0.3474,0.3472
2024-10-27,0.3476,0.3471
2024-10-28,0.3475,0.3471
2024-10-29,0.3473,0.3471
2024-10-30,0.3473,0.3471
2024-10-31,0.3474,0.3471
2024-11-01,0.3472,0.347
2024-11-02,0.3475,0.347
2024-11-03,0.3457,0.347
2024-11-04,0.3463,0.347
2024-11-05,0.3473,0.347
2024-11-06,0.3459,0.3471
2024-11-07,0.3418,0.3471
2024-11-08,0.347,0.3471
2024-11-09,0.3476,0.3471
2024-11-10,0.3474,0.3471
2024-11-11,0.3471,0.3472
2024-11-12,0.3476,0.3472
2024-11-13,0.3474,0.3472
2024-11-14,0.3474,0.3473
2024-11-15,0.3478,0.3474
2024-11-16,0.3478,0.3475
2024-11-17,0.3472,0.3475
2024-11-18,0.3474,0.3476
2024-11-19,0.3474,0.3476
2024-11-20,0.3476,0.3477
2024-11-21,0.3472,0.3477
2024-11-22,0.3474,0.3478
2024-11-23,0.3477,0.3478
2024-11-24,0.348,0.3478
2024-11-25,0.3485,0.3478
2024-11-26,0.3484,0.3478
2024-11-27,0.3477,0.3478
2024-11-28,0.3477,0.3478
2024-11-29,0.3477,0.3478
2024-11-30,0.3479,0.3478
2024-12-01,0.3476,0.3478
2024-12-02,0.3478,0.3478
2024-12-03,0.3481,0.3478
2024-12-04,0.3479,0.3477
2024-12-05,0.3477,0.3477
2024-12-06,0.3479,0.3477
2024-12-07,0.3476,0.3477
2024-12-08,0.3478,0.3477
2024-12-09,0.3477,0.3477
2024-12-10,0.3474,0.3476
2024-12-11,0.3478,0.3476
2024-12-12,0.3459,0.3477
2024-12-13,0.3478,0.3477
2024-12-14,0.3481,0.3477
2024-12-15,0.3481,0.3477
2024-12-16,0.3477,0.3477
2024-12-17,0.3478,0.3477
2024-12-18,0.3478,0.3477
2024-12-19,0.3479,0.3477
2024-12-20,0.3481,0.3477
2024-12-21,0.3478,0.3477
2024-12-22,0.3478,0.3477
2024-12-23,0.3479,0.3477
2024-12-24,0.348,0.3477
2024-12-25,0.3462,0.3477
2024-12-26,0.3478,0.3476
2024-12-27,0.3477,0.3476
2024-12-28,0.3478,0.3475
2024-12-29,0.3478,0.3475
2024-12-30,0.3475,0.3475
2024-12-31,0.3475,0.3475
2025-01-01,0.3474,0.3475
2025-01-02,0.3477,0.3474
2025-01-03,0.3474,0.3474
2025-01-04,0.3474,0.3474
2025-01-05,0.3473,0.3474
2025-01-06,0.3475,0.3474
2025-01-07,0.3458,0.3474
2025-01-08,0.3465,0.3474
2025-01-09,0.3486,0.3474
2025-01-10,0.3483,0.3474
2025-01-11,0.348,0.3474
2025-01-12,0.3472,0.3474
2025-01-13,0.3472,0.3474
2025-01-14,0.3472,0.3474
2025-01-15,0.3473,0.3474
2025-01-16,0.3474,0.3473
2025-01-17,0.3476,0.3473
2025-01-18,0.3471,0.3473
2025-01-19,0.3474,0.3472
2025-01-20,0.347,0.3472
2025-01-21,0.347,0.3472
2025-01-22,0.3473,0.3472
2025-01-23,0.347,0.3471
2025-01-24,0.3476,0.3471
2025-01-25,0.3462,0.3471
2025-01-26,0.3475,0.3472
2025-01-27,0.3475,0.3472
2025-01-28,0.3475,0.3472
2025-01-29,0.3458,0.3472
2025-01-30,0.3467,0.3472
2025-01-31,0.3472,0.3472
2025-02-01,0.3473,0.3472
2025-02-02,0.3479,0.3471
2025-02-03,0.3476,0.3471
2025-02-04,0.347,0.347
2025-02-05,0.3473,0.347
2025-02-06,0.3473,0.3469
2025-02-07,0.3468,0.3469
2025-02-08,0.3475,0.3468
2025-02-09,0.3476,0.3468
2025-02-10,0.3455,0.3467
2025-02-11,0.3462,0.3466
2025-02-12,0.3459,0.3466
2025-02-13,0.347,0.3465
2025-02-14,0.3464,0.3465
2025-02-15,0.346,0.3464
2025-02-16,0.3467,0.3464
2025-02-17,0.3457,0.3464
2025-02-18,0.3454,0.3464
2025-02-19,0.3469,0.3464
2025-02-20,0.3467,0.3464
2025-02-21,0.3467,0.3465
2025-02-22,0.3465,0.3465
2025-02-23,0.3466,0.3465
2025-02-24,0.3469,0.3465
2025-02-25,0.3469,0.3465
2025-02-26,0.3461,0.3465
2025-02-27,0.3465,0.3465
2025-02-28,0.3467,0.3464
2025-03-01,0.3465,0.3464
2025-03-02,0.3466,0.3463
2025-03-03,0.3466,0.3462
2025-03-04,0.346,0.3462
2025-03-05,0.3462,0.3461
2025-03-06,0.3455,0.346
2025-03-07,0.3459,0.3459
2025-03-08,0.345,0.3458
2025-03-09,0.3455,0.3457
2025-03-10,0.3459,0.3456
2025-03-11,0.3459,0.3455
2025-03-12,0.3457,0.3454
2025-03-13,0.3463,0.3453
2025-03-14,0.3445,0.3453
2025-03-15,0.3438,0.3452
2025-03-16,0.3454,0.3452
2025-03-17,0.3454,0.3452
2025-03-18,0.3452,0.3451
2025-03-19,0.3448,0.3451
2025-03-20,0.3449,0.3451
2025-03-21,0.3455,0.345
2025-03-22,0.3454,0.345
2025-03-23,0.3437,0.3449
2025-03-24,0.3454,0.3448
2025-03-25,0.3454,0.3448
2025-03-26,0.3449,0.3447
2025-03-27,0.345,0.3446
2025-03-28,0.3451,0.3445
2025-03-29,0.3436,0.3445
2025-03-30,0.344,0.3444
2025-03-31,0.345,0.3444
2025-04-01,0.3448,0.3443
2025-04-02,0.3437,0.3442
2025-04-03,0.3437,0.3442
2025-04-04,0.3444,0.3441
2025-04-05,0.3425,0.344
2025-04-06,0.3438,0.344
2025-04-07,0.344,0.344
2025-04-08,0.3442,0.344
2025-04-09,0.3444,0.344
2025-04-10,0.3441,0.344
2025-04-11,0.3445,0.344
2025-04-12,0.3444,0.3441
2025-04-13,0.3431,0.3441
2025-04-14,0.3436,0.3441
2025-04-15,0.3451,0.3441
2025-04-16,0.3448,0.3441
2025-04-17,0.3446,0.3441
2025-04-18,0.3445,0.3442
2025-04-19,0.3432,0.3442
2025-04-20,0.3436,0.3441
2025-04-21,0.3433,0.3441
2025-04-22,0.3441,0.3441
2025-04-23,0.3442,0.344
2025-04-24,0.3442,0.344
2025-04-25,0.3442,0.3439
2025-04-26,0.3443,0.3439
2025-04-27,0.3443,0.3438
2025-04-28,0.344,0.3437
2025-04-29,0.3439,0.3437
2025-04-30,0.3438,0.3437
2025-05-01,0.3438,0.3437
2025-05-02,0.3434,0.3437
2025-05-03,0.3435,0.3437
2025-05-04,0.343,0.3438
2025-05-05,0.3429,0.3439
2025-05-06,0.3428,0.3439
2025-05-07,0.3437,0.344
2025-05-08,0.3444,0.3441
2025-05-09,0.3441,0.3441
2025-05-10,0.3446,0.3442
2025-05-11,0.3445,0.3443
2025-05-12,0.3448,0.3444
2025-05-13,0.3453,0.3445
2025-05-14,0.3449,0.3446
2025-05-15,0.345,0.3446
2025-05-16,0.3452,0.3447
2025-05-17,0.3449,0.3447
2025-05-18,0.3452,0.3447
2025-05-19,0.3442,0.3447
2025-05-20,0.3439,0.3446
2025-05-21,0.3444,0.3445
2025-05-22,0.3446,0.3444
2025-05-23,0.3445,0.3443
2025-05-24,0.3439,0.3442
2025-05-25,0.3444,0.3442
2025-05-26,0.3446,0.3442
2025-05-27,0.3446,0.3442
2025-05-28,0.345,0.3443
2025-05-29,0.3442,0.3443
2025-05-30,0.3437,0.3443
2025-05-31,0.3436,0.3444
2025-06-01,0.3446,0.3446
2025-06-02,0.3449,0.3449
2025-06-03,0.345,0.3452
2025-06-04,0.3449,0.3456
2025-06-05,0.3459,0.3461
2025-06-06,0.346,0.3466
2025-06-07,0.3468,0.3472
2025-06-08,0.3476,0.3478
2025-06-09,0.348,0.3484
2025-06-10,0.3487,0.349
2025-06-11,0.3494,0.3496
2025-06-12,0.3502,0.3502
2025-06-13,0.3512,0.3508
2025-06-14,0.3524,0.3515
2025-06-15,0.3532,0.3522
2025-06-16,0.3541,0.353
2025-06-17,0.3546,0.3537
2025-06-18,0.356,0.3545
2025-06-19,0.3556,0.3552
2025-06-20,0.3559,0.3561
2025-06-21,0.356,0.3569
2025-06-22,0.3552,0.3578
2025-06-23,0.3555,0.3586
2025-06-24,0.3576,0.3595
2025-06-25,0.3607,0.3606
2025-06-26,0.3616,0.3617
2025-06-27,0.3633,0.3626
2025-06-28,0.3639,0.3634
2025-06-29,0.3651,0.3643
2025-06-30,0.3658,0.3653
2025-07-01,0.3668,0.3663
2025-07-02,0.3664,0.3671
2025-07-03,0.3666,0.3679
2025-07-04,0.3685,0.3684
2025-07-05,0.3693,0.3686
2025-07-06,0.3706,0.3685
2025-07-07,0.3711,0.3682
2025-07-08,0.3717,0.3676
2025-07-09,0.3699,0.367
2025-07-10,0.3682,0.3662
2025-07-11,0.3668,0.3654
2025-07-12,0.3653,0.3646
2025-07-13,0.3628,0.3639
2025-07-14,0.3608,0.3631
2025-07-15,0.3593,0.3619
2025-07-16,0.359,0.3607
2025-07-17,0.3588,0.3593
2025-07-18,0.3574,0.358
2025-07-19,0.3571,0.3568
2025-07-20,0.3567,0.356
2025-07-21,0.3563,0.3554
2025-07-22,0.3548,0.3553
2025-07-23,0.3555,0.3554
2025-07-24,0.3545,0.3556
2025-07-25,0.354,0.356
2025-07-26,0.3537,0.3566
2025-07-27,0.3532,0.3572
2025-07-28,0.3539,0.3579
2025-07-29,0.3593,0.3585
2025-07-30,0.3584,0.3594
2025-07-31,0.3571,0.3607
2025-08-01,0.3623,0.3621
2025-08-02,0.3646,0.3637
2025-08-03,0.3655,0.3652
2025-08-04,0.3672,0.3666
2025-08-05,0.3697,0.3677
2025-08-06,0.3712,0.3684
2025-08-07,0.3718,0.3687
2025-08-08,0.3726,0.3689
2025-08-09,0.3729,0.3688
2025-08-10,0.3721,0.3686
2025-08-11,0.3716,0.3683
2025-08-12,0.3704,0.368
2025-08-13,0.3676,0.3677
2025-08-14,0.3653,0.3674
2025-08-15,0.366,0.3672
2025-08-16,0.365,0.3668
2025-08-17,0.3636,0.3663
2025-08-18,0.3623,0.3657
2025-08-19,0.3615,0.3651
2025-08-20,0.3598,0.3646
2025-08-21,0.3594,0.3641
2025-08-22,0.3627,0.3637
2025-08-23,0.3642,0.3636
2025-08-24,0.3652,0.3636
2025-08-25,0.3663,0.3636
2025-08-26,0.3657,0.3636
2025-08-27,0.3658,0.3633
2025-08-28,0.3649,0.3631
2025-08-29,0.3651,0.363
2025-08-30,0.3646,0.3628
2025-08-31,0.3638,0.3622
2025-09-01,0.3615,0.3612
2025-09-02,0.3593,0.3603
2025-09-03,0.3581,0.3593
2025-09-04,0.356,0.3583
2025-09-05,0.3552,0.3573
2025-09-06,0.3543,0.3565
2025-09-07,,0.3557
2025-09-08,,0.3551
2025-09-09,,0.3546
2025-09-10,,0.3544
2025-09-11,,0.3542
2025-09-12,,0.3541
2025-09-13,,0.354
2025-09-14,,0.354
2025-09-15,,0.3539
2025-09-16,,0.3537
2025-09-17,,0.3536
2025-09-18,,0.3536
2025-09-19,,0.3536
2025-09-20,,0.3537
2025-09-21,,0.3538
2025-09-22,,0.3537
2025-09-23,0.3557,0.3535
2025-09-24,0.3526,0.3532
2025-09-25,0.3517,0.3527
2025-09-26,0.3512,0.3521
2025-09-27,0.3513,0.3515
2025-09-28,0.3509,0.351
2025-09-29,0.3507,0.3506
2025-09-30,0.3502,0.3502
2025-10-01,,0.35
2025-10-02,,0.3499
2025-10-03,,0.3498
2025-10-04,,0.3496
2025-10-05,,0.3494
2025-10-06,,0.3491
2025-10-07,,0.3488
2025-10-08,,0.3485
2025-10-09,,0.3482
2025-10-10,,0.3481
2025-10-11,,0.348
2025-10-12,,0.348
2025-10-13,,0.348
2025-10-14,,0.348
2025-10-15,,0.348
2025-10-16,,0.3479
2025-10-17,,0.3479
2025-10-18,,0.3478
2025-10-19,,0.3477
2025-10-20,,0.3476
2025-10-21,,0.3475
2025-10-22,,0.3474
2025-10-23,,0.3473
2025-10-24,,0.3473
2025-10-25,,0.3472
2025-10-26,,0.3471
2025-10-27,,0.347
2025-10-28,,0.347
2025-10-29,,0.3469
2025-10-30,,0.3468
2025-10-31,,0.3467
2025-11-01,,0.3466
2025-11-02,,0.3466
2025-11-03,,0.3465
2025-11-04,,0.3465
2025-11-05,,0.3465
2025-11-06,,0.3465
2025-11-07,,0.3464
2025-11-08,,0.3464
2025-11-09,,0.3464
2025-11-10,,0.3464
2025-11-11,,0.3464
2025-11-12,,0.3464
2025-11-13,,0.3464
2025-11-14,,0.3464
2025-11-15,,0.3464
2025-11-16,,0.3464
2025-11-17,,0.3464
2025-11-18,,0.3463
2025-11-19,,0.3463
2025-11-20,,0.3463
2025-11-21,,0.3463
2025-11-22,,0.3463
2025-11-23,,0.3463
2025-11-24,,0.3463
2025-11-25,,0.3463
2025-11-26,,0.3463
2025-11-27,,0.3463
2025-11-28,,0.3463
2025-11-29,,0.3463
2025-11-30,,0.3463
2025-12-01,,0.3463
2025-12-02,,0.3463
2025-12-03,,0.3463
2025-12-04,,0.3463
2025-12-05,,0.3463
2025-12-06,,0.3463
2025-12-07,,0.3463
2025-12-08,,0.3463
2025-12-09,,0.3463
2025-12-10,,0.3463
2025-12-11,,0.3463
2025-12-12,,0.3463
2025-12-13,,0.3463
2025-12-14,,0.3463
2025-12-15,,0.3462
2025-12-16,,0.3462
2025-12-17,,0.3462
2025-12-18,,0.3462
2025-12-19,,0.3462
2025-12-20,,0.3461
2025-12-21,,0.3461
2025-12-22,,0.3461
2025-12-23,,0.346
2025-12-24,,0.346
2025-12-25,,0.3459
2025-12-26,,0.3458
2025-12-27,,0.3458
2025-12-28,,0.3457
2025-12-29,,0.3456
