id,longitude,latitude,date,Nadir_Reflectance_Band1,Nadir_Reflectance_Band2,Nadir_Reflectance_Band3,product
2023_01_01,-76.65099740570848,35.849517200999806,2023-01-01,809.0,1990.0,423.0,MODIS/061/MCD43A4
2023_01_02,-76.65099740570848,35.849517200999806,2023-01-02,789.0,2055.0,415.0,MODIS/061/MCD43A4
2023_01_03,-76.65099740570848,35.849517200999806,2023-01-03,766.0,2048.0,408.0,MODIS/061/MCD43A4
2023_01_04,-76.65099740570848,35.849517200999806,2023-01-04,768.0,2058.0,409.0,MODIS/061/MCD43A4
2023_01_05,-76.65099740570848,35.849517200999806,2023-01-05,737.0,2028.0,389.0,MODIS/061/MCD43A4
2023_01_06,-76.65099740570848,35.849517200999806,2023-01-06,721.0,2061.0,393.0,MODIS/061/MCD43A4
2023_01_07,-76.65099740570848,35.849517200999806,2023-01-07,695.0,2074.0,377.0,MODIS/061/MCD43A4
2023_01_08,-76.65099740570848,35.849517200999806,2023-01-08,706.0,2093.0,380.0,MODIS/061/MCD43A4
2023_01_09,-76.65099740570848,35.849517200999806,2023-01-09,698.0,2084.0,374.0,MODIS/061/MCD43A4
2023_01_10,-76.65099740570848,35.849517200999806,2023-01-10,675.0,2058.0,360.0,MODIS/061/MCD43A4
2023_01_11,-76.65099740570848,35.849517200999806,2023-01-11,719.0,2062.0,406.0,MODIS/061/MCD43A4
2023_01_12,-76.65099740570848,35.849517200999806,2023-01-12,720.0,2066.0,407.0,MODIS/061/MCD43A4
2023_01_13,-76.65099740570848,35.849517200999806,2023-01-13,722.0,2070.0,408.0,MODIS/061/MCD43A4
2023_01_14,-76.65099740570848,35.849517200999806,2023-01-14,715.0,2069.0,402.0,MODIS/061/MCD43A4
2023_01_15,-76.65099740570848,35.849517200999806,2023-01-15,751.0,2106.0,422.0,MODIS/061/MCD43A4
2023_01_16,-76.65099740570848,35.849517200999806,2023-01-16,715.0,2102.0,402.0,MODIS/061/MCD43A4
2023_01_17,-76.65099740570848,35.849517200999806,2023-01-17,836.0,2086.0,468.0,MODIS/061/MCD43A4
2023_01_18,-76.65099740570848,35.849517200999806,2023-01-18,840.0,2087.0,471.0,MODIS/061/MCD43A4
2023_01_19,-76.65099740570848,35.849517200999806,2023-01-19,843.0,2082.0,434.0,MODIS/061/MCD43A4
2023_01_20,-76.65099740570848,35.849517200999806,2023-01-20,846.0,2085.0,436.0,MODIS/061/MCD43A4
2023_01_21,-76.65099740570848,35.849517200999806,2023-01-21,851.0,2110.0,438.0,MODIS/061/MCD43A4
2023_01_22,-76.65099740570848,35.849517200999806,2023-01-22,855.0,2113.0,440.0,MODIS/061/MCD43A4
2023_01_23,-76.65099740570848,35.849517200999806,2023-01-23,859.0,2117.0,441.0,MODIS/061/MCD43A4
2023_01_24,-76.65099740570848,35.849517200999806,2023-01-24,891.0,2083.0,449.0,MODIS/061/MCD43A4
2023_01_25,-76.65099740570848,35.849517200999806,2023-01-25,886.0,2085.0,448.0,MODIS/061/MCD43A4
2023_01_26,-76.65099740570848,35.849517200999806,2023-01-26,888.0,2093.0,449.0,MODIS/061/MCD43A4
2023_01_27,-76.65099740570848,35.849517200999806,2023-01-27,827.0,2104.0,451.0,MODIS/061/MCD43A4
2023_01_28,-76.65099740570848,35.849517200999806,2023-01-28,823.0,2102.0,447.0,MODIS/061/MCD43A4
2023_01_29,-76.65099740570848,35.849517200999806,2023-01-29,826.0,2106.0,448.0,MODIS/061/MCD43A4
2023_01_30,-76.65099740570848,35.849517200999806,2023-01-30,703.0,2035.0,358.0,MODIS/061/MCD43A4
2023_01_31,-76.65099740570848,35.849517200999806,2023-01-31,710.0,2043.0,360.0,MODIS/061/MCD43A4
2023_02_01,-76.65099740570848,35.849517200999806,2023-02-01,715.0,2027.0,360.0,MODIS/061/MCD43A4
2023_02_02,-76.65099740570848,35.849517200999806,2023-02-02,703.0,2074.0,360.0,MODIS/061/MCD43A4
2023_02_03,-76.65099740570848,35.849517200999806,2023-02-03,704.0,2076.0,360.0,MODIS/061/MCD43A4
2023_02_04,-76.65099740570848,35.849517200999806,2023-02-04,701.0,2069.0,359.0,MODIS/061/MCD43A4
2023_02_05,-76.65099740570848,35.849517200999806,2023-02-05,702.0,2073.0,359.0,MODIS/061/MCD43A4
2023_02_06,-76.65099740570848,35.849517200999806,2023-02-06,683.0,2046.0,346.0,MODIS/061/MCD43A4
2023_02_07,-76.65099740570848,35.849517200999806,2023-02-07,695.0,2042.0,347.0,MODIS/061/MCD43A4
2023_02_08,-76.65099740570848,35.849517200999806,2023-02-08,695.0,2045.0,347.0,MODIS/061/MCD43A4
2023_02_09,-76.65099740570848,35.849517200999806,2023-02-09,696.0,2048.0,347.0,MODIS/061/MCD43A4
2023_02_10,-76.65099740570848,35.849517200999806,2023-02-10,696.0,2051.0,346.0,MODIS/061/MCD43A4
2023_02_11,-76.65099740570848,35.849517200999806,2023-02-11,708.0,2114.0,358.0,MODIS/061/MCD43A4
2023_02_12,-76.65099740570848,35.849517200999806,2023-02-12,731.0,2174.0,372.0,MODIS/061/MCD43A4
2023_02_13,-76.65099740570848,35.849517200999806,2023-02-13,735.0,2205.0,372.0,MODIS/061/MCD43A4
2023_02_14,-76.65099740570848,35.849517200999806,2023-02-14,719.0,2223.0,366.0,MODIS/061/MCD43A4
2023_02_15,-76.65099740570848,35.849517200999806,2023-02-15,736.0,2244.0,372.0,MODIS/061/MCD43A4
2023_02_16,-76.65099740570848,35.849517200999806,2023-02-16,758.0,2346.0,386.0,MODIS/061/MCD43A4
2023_02_17,-76.65099740570848,35.849517200999806,2023-02-17,761.0,2360.0,388.0,MODIS/061/MCD43A4
2023_02_18,-76.65099740570848,35.849517200999806,2023-02-18,764.0,2372.0,390.0,MODIS/061/MCD43A4
2023_02_19,-76.65099740570848,35.849517200999806,2023-02-19,767.0,2384.0,392.0,MODIS/061/MCD43A4
2023_02_20,-76.65099740570848,35.849517200999806,2023-02-20,769.0,2393.0,393.0,MODIS/061/MCD43A4
2023_02_21,-76.65099740570848,35.849517200999806,2023-02-21,799.0,2427.0,421.0,MODIS/061/MCD43A4
2023_02_22,-76.65099740570848,35.849517200999806,2023-02-22,851.0,2471.0,454.0,MODIS/061/MCD43A4
2023_02_23,-76.65099740570848,35.849517200999806,2023-02-23,850.0,2520.0,456.0,MODIS/061/MCD43A4
2023_02_24,-76.65099740570848,35.849517200999806,2023-02-24,854.0,2529.0,458.0,MODIS/061/MCD43A4
2023_02_25,-76.65099740570848,35.849517200999806,2023-02-25,813.0,2568.0,446.0,MODIS/061/MCD43A4
2023_02_26,-76.65099740570848,35.849517200999806,2023-02-26,797.0,2608.0,449.0,MODIS/061/MCD43A4
2023_02_27,-76.65099740570848,35.849517200999806,2023-02-27,810.0,2618.0,454.0,MODIS/061/MCD43A4
2023_02_28,-76.65099740570848,35.849517200999806,2023-02-28,856.0,2624.0,466.0,MODIS/061/MCD43A4
2023_03_01,-76.65099740570848,35.849517200999806,2023-03-01,878.0,2543.0,467.0,MODIS/061/MCD43A4
2023_03_02,-76.65099740570848,35.849517200999806,2023-03-02,920.0,2570.0,492.0,MODIS/061/MCD43A4
2023_03_03,-76.65099740570848,35.849517200999806,2023-03-03,922.0,2575.0,492.0,MODIS/061/MCD43A4
2023_03_04,-76.65099740570848,35.849517200999806,2023-03-04,935.0,2621.0,494.0,MODIS/061/MCD43A4
2023_03_05,-76.65099740570848,35.849517200999806,2023-03-05,940.0,2624.0,496.0,MODIS/061/MCD43A4
2023_03_06,-76.65099740570848,35.849517200999806,2023-03-06,944.0,2628.0,498.0,MODIS/061/MCD43A4
2023_03_07,-76.65099740570848,35.849517200999806,2023-03-07,921.0,2635.0,483.0,MODIS/061/MCD43A4
2023_03_08,-76.65099740570848,35.849517200999806,2023-03-08,919.0,2640.0,487.0,MODIS/061/MCD43A4
2023_03_09,-76.65099740570848,35.849517200999806,2023-03-09,929.0,2668.0,474.0,MODIS/061/MCD43A4
2023_03_10,-76.65099740570848,35.849517200999806,2023-03-10,930.0,2674.0,474.0,MODIS/061/MCD43A4
2023_03_11,-76.65099740570848,35.849517200999806,2023-03-11,931.0,2681.0,474.0,MODIS/061/MCD43A4
2023_03_12,-76.65099740570848,35.849517200999806,2023-03-12,931.0,2661.0,475.0,MODIS/061/MCD43A4
2023_03_13,-76.65099740570848,35.849517200999806,2023-03-13,941.0,2676.0,481.0,MODIS/061/MCD43A4
2023_03_14,-76.65099740570848,35.849517200999806,2023-03-14,967.0,2690.0,492.0,MODIS/061/MCD43A4
2023_03_15,-76.65099740570848,35.849517200999806,2023-03-15,970.0,2696.0,493.0,MODIS/061/MCD43A4
2023_03_16,-76.65099740570848,35.849517200999806,2023-03-16,970.0,2725.0,486.0,MODIS/061/MCD43A4
2023_03_17,-76.65099740570848,35.849517200999806,2023-03-17,973.0,2725.0,486.0,MODIS/061/MCD43A4
2023_03_18,-76.65099740570848,35.849517200999806,2023-03-18,959.0,2748.0,474.0,MODIS/061/MCD43A4
2023_03_19,-76.65099740570848,35.849517200999806,2023-03-19,962.0,2752.0,475.0,MODIS/061/MCD43A4
2023_03_20,-76.65099740570848,35.849517200999806,2023-03-20,969.0,2749.0,480.0,MODIS/061/MCD43A4
2023_03_21,-76.65099740570848,35.849517200999806,2023-03-21,972.0,2756.0,481.0,MODIS/061/MCD43A4
2023_03_22,-76.65099740570848,35.849517200999806,2023-03-22,975.0,2761.0,482.0,MODIS/061/MCD43A4
2023_03_23,-76.65099740570848,35.849517200999806,2023-03-23,1017.0,2784.0,502.0,MODIS/061/MCD43A4
2023_03_24,-76.65099740570848,35.849517200999806,2023-03-24,1018.0,2781.0,502.0,MODIS/061/MCD43A4
2023_03_25,-76.65099740570848,35.849517200999806,2023-03-25,1004.0,2765.0,498.0,MODIS/061/MCD43A4
2023_03_26,-76.65099740570848,35.849517200999806,2023-03-26,1048.0,2730.0,516.0,MODIS/061/MCD43A4
2023_03_27,-76.65099740570848,35.849517200999806,2023-03-27,1051.0,2733.0,518.0,MODIS/061/MCD43A4
2023_03_28,-76.65099740570848,35.849517200999806,2023-03-28,1082.0,2778.0,527.0,MODIS/061/MCD43A4
2023_03_29,-76.65099740570848,35.849517200999806,2023-03-29,1090.0,2793.0,537.0,MODIS/061/MCD43A4
2023_03_30,-76.65099740570848,35.849517200999806,2023-03-30,1109.0,2765.0,543.0,MODIS/061/MCD43A4
2023_03_31,-76.65099740570848,35.849517200999806,2023-03-31,1115.0,2766.0,546.0,MODIS/061/MCD43A4
2023_04_01,-76.65099740570848,35.849517200999806,2023-04-01,1138.0,2726.0,564.0,MODIS/061/MCD43A4
2023_04_02,-76.65099740570848,35.849517200999806,2023-04-02,1108.0,2555.0,539.0,MODIS/061/MCD43A4
2023_04_03,-76.65099740570848,35.849517200999806,2023-04-03,1096.0,2551.0,546.0,MODIS/061/MCD43A4
2023_04_04,-76.65099740570848,35.849517200999806,2023-04-04,1178.0,2404.0,608.0,MODIS/061/MCD43A4
2023_04_05,-76.65099740570848,35.849517200999806,2023-04-05,1164.0,2467.0,606.0,MODIS/061/MCD43A4
2023_04_06,-76.65099740570848,35.849517200999806,2023-04-06,1158.0,2466.0,596.0,MODIS/061/MCD43A4
2023_04_07,-76.65099740570848,35.849517200999806,2023-04-07,1161.0,2465.0,599.0,MODIS/061/MCD43A4
2023_04_08,-76.65099740570848,35.849517200999806,2023-04-08,1148.0,2495.0,593.0,MODIS/061/MCD43A4
2023_04_09,-76.65099740570848,35.849517200999806,2023-04-09,1149.0,2495.0,594.0,MODIS/061/MCD43A4
2023_04_10,-76.65099740570848,35.849517200999806,2023-04-10,1144.0,2422.0,592.0,MODIS/061/MCD43A4
2023_04_11,-76.65099740570848,35.849517200999806,2023-04-11,1118.0,2351.0,569.0,MODIS/061/MCD43A4
2023_04_12,-76.65099740570848,35.849517200999806,2023-04-12,1142.0,2321.0,590.0,MODIS/061/MCD43A4
2023_04_13,-76.65099740570848,35.849517200999806,2023-04-13,1155.0,2297.0,594.0,MODIS/061/MCD43A4
2023_04_14,-76.65099740570848,35.849517200999806,2023-04-14,1145.0,2240.0,584.0,MODIS/061/MCD43A4
2023_04_15,-76.65099740570848,35.849517200999806,2023-04-15,1148.0,2237.0,585.0,MODIS/061/MCD43A4
2023_04_16,-76.65099740570848,35.849517200999806,2023-04-16,1124.0,2193.0,569.0,MODIS/061/MCD43A4
2023_04_17,-76.65099740570848,35.849517200999806,2023-04-17,1126.0,2190.0,569.0,MODIS/061/MCD43A4
2023_04_18,-76.65099740570848,35.849517200999806,2023-04-18,1129.0,2189.0,574.0,MODIS/061/MCD43A4
2023_04_19,-76.65099740570848,35.849517200999806,2023-04-19,1151.0,2171.0,586.0,MODIS/061/MCD43A4
2023_04_20,-76.65099740570848,35.849517200999806,2023-04-20,1136.0,2167.0,568.0,MODIS/061/MCD43A4
2023_04_21,-76.65099740570848,35.849517200999806,2023-04-21,1143.0,2131.0,565.0,MODIS/061/MCD43A4
2023_04_22,-76.65099740570848,35.849517200999806,2023-04-22,1143.0,2095.0,573.0,MODIS/061/MCD43A4
2023_04_23,-76.65099740570848,35.849517200999806,2023-04-23,1086.0,2019.0,549.0,MODIS/061/MCD43A4
2023_04_24,-76.65099740570848,35.849517200999806,2023-04-24,1012.0,1923.0,516.0,MODIS/061/MCD43A4
2023_04_25,-76.65099740570848,35.849517200999806,2023-04-25,1014.0,1947.0,518.0,MODIS/061/MCD43A4
2023_04_26,-76.65099740570848,35.849517200999806,2023-04-26,1018.0,1977.0,520.0,MODIS/061/MCD43A4
2023_04_27,-76.65099740570848,35.849517200999806,2023-04-27,1029.0,1966.0,535.0,MODIS/061/MCD43A4
2023_04_28,-76.65099740570848,35.849517200999806,2023-04-28,978.0,1926.0,499.0,MODIS/061/MCD43A4
2023_04_29,-76.65099740570848,35.849517200999806,2023-04-29,930.0,1797.0,489.0,MODIS/061/MCD43A4
2023_04_30,-76.65099740570848,35.849517200999806,2023-04-30,934.0,1780.0,499.0,MODIS/061/MCD43A4
2023_05_01,-76.65099740570848,35.849517200999806,2023-05-01,935.0,1781.0,499.0,MODIS/061/MCD43A4
2023_05_02,-76.65099740570848,35.849517200999806,2023-05-02,967.0,1791.0,498.0,MODIS/061/MCD43A4
2023_05_03,-76.65099740570848,35.849517200999806,2023-05-03,936.0,1801.0,502.0,MODIS/061/MCD43A4
2023_05_04,-76.65099740570848,35.849517200999806,2023-05-04,920.0,1785.0,491.0,MODIS/061/MCD43A4
2023_05_05,-76.65099740570848,35.849517200999806,2023-05-05,866.0,1750.0,463.0,MODIS/061/MCD43A4
2023_05_06,-76.65099740570848,35.849517200999806,2023-05-06,920.0,1801.0,495.0,MODIS/061/MCD43A4
2023_05_07,-76.65099740570848,35.849517200999806,2023-05-07,923.0,1805.0,497.0,MODIS/061/MCD43A4
2023_05_08,-76.65099740570848,35.849517200999806,2023-05-08,926.0,1809.0,498.0,MODIS/061/MCD43A4
2023_05_09,-76.65099740570848,35.849517200999806,2023-05-09,996.0,1894.0,534.0,MODIS/061/MCD43A4
2023_05_10,-76.65099740570848,35.849517200999806,2023-05-10,1067.0,2023.0,570.0,MODIS/061/MCD43A4
2023_05_11,-76.65099740570848,35.849517200999806,2023-05-11,1062.0,2072.0,566.0,MODIS/061/MCD43A4
2023_05_12,-76.65099740570848,35.849517200999806,2023-05-12,,,,MODIS/061/MCD43A4
2023_05_13,-76.65099740570848,35.849517200999806,2023-05-13,1072.0,2039.0,577.0,MODIS/061/MCD43A4
2023_05_14,-76.65099740570848,35.849517200999806,2023-05-14,1069.0,2035.0,575.0,MODIS/061/MCD43A4
2023_05_15,-76.65099740570848,35.849517200999806,2023-05-15,1107.0,2156.0,600.0,MODIS/061/MCD43A4
2023_05_16,-76.65099740570848,35.849517200999806,2023-05-16,1110.0,2372.0,615.0,MODIS/061/MCD43A4
2023_05_17,-76.65099740570848,35.849517200999806,2023-05-17,1112.0,2379.0,617.0,MODIS/061/MCD43A4
2023_05_18,-76.65099740570848,35.849517200999806,2023-05-18,1114.0,2385.0,618.0,MODIS/061/MCD43A4
2023_05_19,-76.65099740570848,35.849517200999806,2023-05-19,1137.0,2420.0,633.0,MODIS/061/MCD43A4
2023_05_20,-76.65099740570848,35.849517200999806,2023-05-20,1149.0,2450.0,647.0,MODIS/061/MCD43A4
2023_05_21,-76.65099740570848,35.849517200999806,2023-05-21,1164.0,2479.0,664.0,MODIS/061/MCD43A4
2023_05_22,-76.65099740570848,35.849517200999806,2023-05-22,1132.0,2511.0,650.0,MODIS/061/MCD43A4
2023_05_23,-76.65099740570848,35.849517200999806,2023-05-23,1132.0,2516.0,650.0,MODIS/061/MCD43A4
2023_05_24,-76.65099740570848,35.849517200999806,2023-05-24,1134.0,2519.0,651.0,MODIS/061/MCD43A4
2023_05_25,-76.65099740570848,35.849517200999806,2023-05-25,1136.0,2522.0,653.0,MODIS/061/MCD43A4
2023_05_26,-76.65099740570848,35.849517200999806,2023-05-26,1138.0,2525.0,654.0,MODIS/061/MCD43A4
2023_05_27,-76.65099740570848,35.849517200999806,2023-05-27,1086.0,2596.0,621.0,MODIS/061/MCD43A4
2023_05_28,-76.65099740570848,35.849517200999806,2023-05-28,1086.0,2601.0,621.0,MODIS/061/MCD43A4
2023_05_29,-76.65099740570848,35.849517200999806,2023-05-29,1145.0,2712.0,673.0,MODIS/061/MCD43A4
2023_05_30,-76.65099740570848,35.849517200999806,2023-05-30,1146.0,2720.0,674.0,MODIS/061/MCD43A4
2023_05_31,-76.65099740570848,35.849517200999806,2023-05-31,1136.0,2793.0,598.0,MODIS/061/MCD43A4
2023_06_01,-76.65099740570848,35.849517200999806,2023-06-01,1151.0,2951.0,723.0,MODIS/061/MCD43A4
2023_06_02,-76.65099740570848,35.849517200999806,2023-06-02,1152.0,2954.0,723.0,MODIS/061/MCD43A4
2023_06_03,-76.65099740570848,35.849517200999806,2023-06-03,1039.0,2960.0,524.0,MODIS/061/MCD43A4
2023_06_04,-76.65099740570848,35.849517200999806,2023-06-04,996.0,3029.0,501.0,MODIS/061/MCD43A4
2023_06_05,-76.65099740570848,35.849517200999806,2023-06-05,998.0,3039.0,499.0,MODIS/061/MCD43A4
2023_06_06,-76.65099740570848,35.849517200999806,2023-06-06,993.0,3042.0,498.0,MODIS/061/MCD43A4
2023_06_07,-76.65099740570848,35.849517200999806,2023-06-07,882.0,3080.0,495.0,MODIS/061/MCD43A4
2023_06_08,-76.65099740570848,35.849517200999806,2023-06-08,806.0,2840.0,449.0,MODIS/061/MCD43A4
2023_06_09,-76.65099740570848,35.849517200999806,2023-06-09,803.0,2853.0,447.0,MODIS/061/MCD43A4
2023_06_10,-76.65099740570848,35.849517200999806,2023-06-10,801.0,2866.0,446.0,MODIS/061/MCD43A4
2023_06_11,-76.65099740570848,35.849517200999806,2023-06-11,734.0,3117.0,464.0,MODIS/061/MCD43A4
2023_06_12,-76.65099740570848,35.849517200999806,2023-06-12,718.0,3189.0,438.0,MODIS/061/MCD43A4
2023_06_13,-76.65099740570848,35.849517200999806,2023-06-13,716.0,3192.0,438.0,MODIS/061/MCD43A4
2023_06_14,-76.65099740570848,35.849517200999806,2023-06-14,739.0,3172.0,438.0,MODIS/061/MCD43A4
2023_06_15,-76.65099740570848,35.849517200999806,2023-06-15,738.0,3175.0,438.0,MODIS/061/MCD43A4
2023_06_16,-76.65099740570848,35.849517200999806,2023-06-16,740.0,3176.0,440.0,MODIS/061/MCD43A4
2023_06_17,-76.65099740570848,35.849517200999806,2023-06-17,742.0,3178.0,442.0,MODIS/061/MCD43A4
2023_06_18,-76.65099740570848,35.849517200999806,2023-06-18,678.0,3491.0,372.0,MODIS/061/MCD43A4
2023_06_19,-76.65099740570848,35.849517200999806,2023-06-19,660.0,3354.0,357.0,MODIS/061/MCD43A4
2023_06_20,-76.65099740570848,35.849517200999806,2023-06-20,529.0,3503.0,310.0,MODIS/061/MCD43A4
2023_06_21,-76.65099740570848,35.849517200999806,2023-06-21,528.0,3508.0,314.0,MODIS/061/MCD43A4
2023_06_22,-76.65099740570848,35.849517200999806,2023-06-22,526.0,3516.0,312.0,MODIS/061/MCD43A4
2023_06_23,-76.65099740570848,35.849517200999806,2023-06-23,519.0,3562.0,304.0,MODIS/061/MCD43A4
2023_06_24,-76.65099740570848,35.849517200999806,2023-06-24,506.0,3614.0,301.0,MODIS/061/MCD43A4
2023_06_25,-76.65099740570848,35.849517200999806,2023-06-25,503.0,3621.0,299.0,MODIS/061/MCD43A4
2023_06_26,-76.65099740570848,35.849517200999806,2023-06-26,502.0,3620.0,299.0,MODIS/061/MCD43A4
2023_06_27,-76.65099740570848,35.849517200999806,2023-06-27,436.0,3808.0,250.0,MODIS/061/MCD43A4
2023_06_28,-76.65099740570848,35.849517200999806,2023-06-28,437.0,3804.0,251.0,MODIS/061/MCD43A4
2023_06_29,-76.65099740570848,35.849517200999806,2023-06-29,437.0,3803.0,251.0,MODIS/061/MCD43A4
2023_06_30,-76.65099740570848,35.849517200999806,2023-06-30,472.0,3523.0,267.0,MODIS/061/MCD43A4
2023_07_01,-76.65099740570848,35.849517200999806,2023-07-01,473.0,3513.0,267.0,MODIS/061/MCD43A4
2023_07_02,-76.65099740570848,35.849517200999806,2023-07-02,474.0,3503.0,267.0,MODIS/061/MCD43A4
2023_07_03,-76.65099740570848,35.849517200999806,2023-07-03,475.0,3493.0,268.0,MODIS/061/MCD43A4
2023_07_04,-76.65099740570848,35.849517200999806,2023-07-04,510.0,3440.0,298.0,MODIS/061/MCD43A4
2023_07_05,-76.65099740570848,35.849517200999806,2023-07-05,448.0,3183.0,248.0,MODIS/061/MCD43A4
2023_07_06,-76.65099740570848,35.849517200999806,2023-07-06,555.0,3395.0,325.0,MODIS/061/MCD43A4
2023_07_07,-76.65099740570848,35.849517200999806,2023-07-07,585.0,3426.0,328.0,MODIS/061/MCD43A4
2023_07_08,-76.65099740570848,35.849517200999806,2023-07-08,586.0,3436.0,329.0,MODIS/061/MCD43A4
2023_07_09,-76.65099740570848,35.849517200999806,2023-07-09,587.0,3447.0,330.0,MODIS/061/MCD43A4
2023_07_10,-76.65099740570848,35.849517200999806,2023-07-10,616.0,3490.0,360.0,MODIS/061/MCD43A4
2023_07_11,-76.65099740570848,35.849517200999806,2023-07-11,615.0,3113.0,365.0,MODIS/061/MCD43A4
2023_07_12,-76.65099740570848,35.849517200999806,2023-07-12,615.0,3118.0,365.0,MODIS/061/MCD43A4
2023_07_13,-76.65099740570848,35.849517200999806,2023-07-13,617.0,3122.0,366.0,MODIS/061/MCD43A4
2023_07_14,-76.65099740570848,35.849517200999806,2023-07-14,620.0,3168.0,363.0,MODIS/061/MCD43A4
2023_07_15,-76.65099740570848,35.849517200999806,2023-07-15,620.0,3172.0,364.0,MODIS/061/MCD43A4
2023_07_16,-76.65099740570848,35.849517200999806,2023-07-16,653.0,3739.0,393.0,MODIS/061/MCD43A4
2023_07_17,-76.65099740570848,35.849517200999806,2023-07-17,653.0,3735.0,393.0,MODIS/061/MCD43A4
2023_07_18,-76.65099740570848,35.849517200999806,2023-07-18,652.0,3730.0,392.0,MODIS/061/MCD43A4
2023_07_19,-76.65099740570848,35.849517200999806,2023-07-19,661.0,3601.0,380.0,MODIS/061/MCD43A4
2023_07_20,-76.65099740570848,35.849517200999806,2023-07-20,677.0,3527.0,360.0,MODIS/061/MCD43A4
2023_07_21,-76.65099740570848,35.849517200999806,2023-07-21,665.0,3472.0,359.0,MODIS/061/MCD43A4
2023_07_22,-76.65099740570848,35.849517200999806,2023-07-22,665.0,3666.0,361.0,MODIS/061/MCD43A4
2023_07_23,-76.65099740570848,35.849517200999806,2023-07-23,697.0,3599.0,397.0,MODIS/061/MCD43A4
2023_07_24,-76.65099740570848,35.849517200999806,2023-07-24,693.0,3477.0,393.0,MODIS/061/MCD43A4
2023_07_25,-76.65099740570848,35.849517200999806,2023-07-25,699.0,3619.0,370.0,MODIS/061/MCD43A4
2023_07_26,-76.65099740570848,35.849517200999806,2023-07-26,688.0,3638.0,361.0,MODIS/061/MCD43A4
2023_07_27,-76.65099740570848,35.849517200999806,2023-07-27,687.0,3726.0,359.0,MODIS/061/MCD43A4
2023_07_28,-76.65099740570848,35.849517200999806,2023-07-28,685.0,3732.0,359.0,MODIS/061/MCD43A4
2023_07_29,-76.65099740570848,35.849517200999806,2023-07-29,686.0,3737.0,359.0,MODIS/061/MCD43A4
2023_07_30,-76.65099740570848,35.849517200999806,2023-07-30,696.0,3720.0,362.0,MODIS/061/MCD43A4
2023_07_31,-76.65099740570848,35.849517200999806,2023-07-31,693.0,3722.0,362.0,MODIS/061/MCD43A4
2023_08_01,-76.65099740570848,35.849517200999806,2023-08-01,691.0,3726.0,362.0,MODIS/061/MCD43A4
2023_08_02,-76.65099740570848,35.849517200999806,2023-08-02,611.0,3760.0,342.0,MODIS/061/MCD43A4
2023_08_03,-76.65099740570848,35.849517200999806,2023-08-03,607.0,3759.0,340.0,MODIS/061/MCD43A4
2023_08_04,-76.65099740570848,35.849517200999806,2023-08-04,610.0,3780.0,347.0,MODIS/061/MCD43A4
2023_08_05,-76.65099740570848,35.849517200999806,2023-08-05,637.0,3931.0,337.0,MODIS/061/MCD43A4
2023_08_06,-76.65099740570848,35.849517200999806,2023-08-06,655.0,3962.0,349.0,MODIS/061/MCD43A4
2023_08_07,-76.65099740570848,35.849517200999806,2023-08-07,631.0,3896.0,332.0,MODIS/061/MCD43A4
2023_08_08,-76.65099740570848,35.849517200999806,2023-08-08,580.0,3977.0,331.0,MODIS/061/MCD43A4
2023_08_09,-76.65099740570848,35.849517200999806,2023-08-09,562.0,4144.0,322.0,MODIS/061/MCD43A4
2023_08_10,-76.65099740570848,35.849517200999806,2023-08-10,563.0,4129.0,318.0,MODIS/061/MCD43A4
2023_08_11,-76.65099740570848,35.849517200999806,2023-08-11,564.0,4119.0,318.0,MODIS/061/MCD43A4
2023_08_12,-76.65099740570848,35.849517200999806,2023-08-12,542.0,4125.0,312.0,MODIS/061/MCD43A4
2023_08_13,-76.65099740570848,35.849517200999806,2023-08-13,541.0,4116.0,312.0,MODIS/061/MCD43A4
2023_08_14,-76.65099740570848,35.849517200999806,2023-08-14,537.0,4109.0,310.0,MODIS/061/MCD43A4
2023_08_15,-76.65099740570848,35.849517200999806,2023-08-15,534.0,4104.0,309.0,MODIS/061/MCD43A4
2023_08_16,-76.65099740570848,35.849517200999806,2023-08-16,528.0,4058.0,286.0,MODIS/061/MCD43A4
2023_08_17,-76.65099740570848,35.849517200999806,2023-08-17,527.0,4052.0,285.0,MODIS/061/MCD43A4
2023_08_18,-76.65099740570848,35.849517200999806,2023-08-18,552.0,4021.0,304.0,MODIS/061/MCD43A4
2023_08_19,-76.65099740570848,35.849517200999806,2023-08-19,552.0,4015.0,303.0,MODIS/061/MCD43A4
2023_08_20,-76.65099740570848,35.849517200999806,2023-08-20,555.0,3968.0,305.0,MODIS/061/MCD43A4
2023_08_21,-76.65099740570848,35.849517200999806,2023-08-21,557.0,3943.0,324.0,MODIS/061/MCD43A4
2023_08_22,-76.65099740570848,35.849517200999806,2023-08-22,529.0,3937.0,309.0,MODIS/061/MCD43A4
2023_08_23,-76.65099740570848,35.849517200999806,2023-08-23,574.0,3954.0,316.0,MODIS/061/MCD43A4
2023_08_24,-76.65099740570848,35.849517200999806,2023-08-24,574.0,3941.0,316.0,MODIS/061/MCD43A4
2023_08_25,-76.65099740570848,35.849517200999806,2023-08-25,581.0,3886.0,315.0,MODIS/061/MCD43A4
2023_08_26,-76.65099740570848,35.849517200999806,2023-08-26,575.0,3788.0,321.0,MODIS/061/MCD43A4
2023_08_27,-76.65099740570848,35.849517200999806,2023-08-27,490.0,4057.0,276.0,MODIS/061/MCD43A4
2023_08_28,-76.65099740570848,35.849517200999806,2023-08-28,482.0,4122.0,276.0,MODIS/061/MCD43A4
2023_08_29,-76.65099740570848,35.849517200999806,2023-08-29,455.0,4239.0,265.0,MODIS/061/MCD43A4
2023_08_30,-76.65099740570848,35.849517200999806,2023-08-30,453.0,4236.0,263.0,MODIS/061/MCD43A4
2023_08_31,-76.65099740570848,35.849517200999806,2023-08-31,451.0,4234.0,262.0,MODIS/061/MCD43A4
2023_09_01,-76.65099740570848,35.849517200999806,2023-09-01,441.0,4365.0,255.0,MODIS/061/MCD43A4
2023_09_02,-76.65099740570848,35.849517200999806,2023-09-02,437.0,4364.0,253.0,MODIS/061/MCD43A4
2023_09_03,-76.65099740570848,35.849517200999806,2023-09-03,401.0,4468.0,237.0,MODIS/061/MCD43A4
2023_09_04,-76.65099740570848,35.849517200999806,2023-09-04,401.0,4524.0,237.0,MODIS/061/MCD43A4
2023_09_05,-76.65099740570848,35.849517200999806,2023-09-05,394.0,4588.0,234.0,MODIS/061/MCD43A4
2023_09_06,-76.65099740570848,35.849517200999806,2023-09-06,394.0,4390.0,213.0,MODIS/061/MCD43A4
2023_09_07,-76.65099740570848,35.849517200999806,2023-09-07,391.0,4308.0,212.0,MODIS/061/MCD43A4
2023_09_08,-76.65099740570848,35.849517200999806,2023-09-08,,,,MODIS/061/MCD43A4
2023_09_09,-76.65099740570848,35.849517200999806,2023-09-09,375.0,4290.0,212.0,MODIS/061/MCD43A4
2023_09_10,-76.65099740570848,35.849517200999806,2023-09-10,344.0,4703.0,216.0,MODIS/061/MCD43A4
2023_09_11,-76.65099740570848,35.849517200999806,2023-09-11,332.0,4682.0,213.0,MODIS/061/MCD43A4
2023_09_12,-76.65099740570848,35.849517200999806,2023-09-12,354.0,4651.0,235.0,MODIS/061/MCD43A4
2023_09_13,-76.65099740570848,35.849517200999806,2023-09-13,331.0,4321.0,210.0,MODIS/061/MCD43A4
2023_09_14,-76.65099740570848,35.849517200999806,2023-09-14,340.0,4728.0,236.0,MODIS/061/MCD43A4
2023_09_15,-76.65099740570848,35.849517200999806,2023-09-15,341.0,4708.0,236.0,MODIS/061/MCD43A4
2023_09_16,-76.65099740570848,35.849517200999806,2023-09-16,342.0,4689.0,237.0,MODIS/061/MCD43A4
2023_09_17,-76.65099740570848,35.849517200999806,2023-09-17,402.0,4326.0,262.0,MODIS/061/MCD43A4
2023_09_18,-76.65099740570848,35.849517200999806,2023-09-18,404.0,4300.0,264.0,MODIS/061/MCD43A4
2023_09_19,-76.65099740570848,35.849517200999806,2023-09-19,426.0,4106.0,265.0,MODIS/061/MCD43A4
2023_09_20,-76.65099740570848,35.849517200999806,2023-09-20,428.0,4077.0,265.0,MODIS/061/MCD43A4
2023_09_21,-76.65099740570848,35.849517200999806,2023-09-21,444.0,3891.0,276.0,MODIS/061/MCD43A4
2023_09_22,-76.65099740570848,35.849517200999806,2023-09-22,448.0,3867.0,277.0,MODIS/061/MCD43A4
2023_09_23,-76.65099740570848,35.849517200999806,2023-09-23,457.0,3814.0,277.0,MODIS/061/MCD43A4
2023_09_24,-76.65099740570848,35.849517200999806,2023-09-24,630.0,3250.0,282.0,MODIS/061/MCD43A4
2023_09_25,-76.65099740570848,35.849517200999806,2023-09-25,670.0,3378.0,368.0,MODIS/061/MCD43A4
2023_09_26,-76.65099740570848,35.849517200999806,2023-09-26,668.0,3373.0,368.0,MODIS/061/MCD43A4
2023_09_27,-76.65099740570848,35.849517200999806,2023-09-27,698.0,3339.0,376.0,MODIS/061/MCD43A4
2023_09_28,-76.65099740570848,35.849517200999806,2023-09-28,753.0,3248.0,388.0,MODIS/061/MCD43A4
2023_09_29,-76.65099740570848,35.849517200999806,2023-09-29,752.0,3245.0,388.0,MODIS/061/MCD43A4
2023_09_30,-76.65099740570848,35.849517200999806,2023-09-30,751.0,3242.0,389.0,MODIS/061/MCD43A4
2023_10_01,-76.65099740570848,35.849517200999806,2023-10-01,712.0,3368.0,390.0,MODIS/061/MCD43A4
2023_10_02,-76.65099740570848,35.849517200999806,2023-10-02,707.0,3336.0,376.0,MODIS/061/MCD43A4
2023_10_03,-76.65099740570848,35.849517200999806,2023-10-03,847.0,3219.0,416.0,MODIS/061/MCD43A4
2023_10_04,-76.65099740570848,35.849517200999806,2023-10-04,845.0,3201.0,415.0,MODIS/061/MCD43A4
2023_10_05,-76.65099740570848,35.849517200999806,2023-10-05,836.0,3189.0,413.0,MODIS/061/MCD43A4
2023_10_06,-76.65099740570848,35.849517200999806,2023-10-06,813.0,3240.0,407.0,MODIS/061/MCD43A4
2023_10_07,-76.65099740570848,35.849517200999806,2023-10-07,809.0,3221.0,405.0,MODIS/061/MCD43A4
2023_10_08,-76.65099740570848,35.849517200999806,2023-10-08,806.0,3202.0,404.0,MODIS/061/MCD43A4
2023_10_09,-76.65099740570848,35.849517200999806,2023-10-09,888.0,3139.0,415.0,MODIS/061/MCD43A4
2023_10_10,-76.65099740570848,35.849517200999806,2023-10-10,898.0,3063.0,402.0,MODIS/061/MCD43A4
2023_10_11,-76.65099740570848,35.849517200999806,2023-10-11,966.0,2990.0,405.0,MODIS/061/MCD43A4
2023_10_12,-76.65099740570848,35.849517200999806,2023-10-12,968.0,2979.0,406.0,MODIS/061/MCD43A4
2023_10_13,-76.65099740570848,35.849517200999806,2023-10-13,998.0,2973.0,428.0,MODIS/061/MCD43A4
2023_10_14,-76.65099740570848,35.849517200999806,2023-10-14,1040.0,2969.0,446.0,MODIS/061/MCD43A4
2023_10_15,-76.65099740570848,35.849517200999806,2023-10-15,1043.0,2924.0,447.0,MODIS/061/MCD43A4
2023_10_16,-76.65099740570848,35.849517200999806,2023-10-16,1056.0,2826.0,454.0,MODIS/061/MCD43A4
2023_10_17,-76.65099740570848,35.849517200999806,2023-10-17,1057.0,2745.0,452.0,MODIS/061/MCD43A4
2023_10_18,-76.65099740570848,35.849517200999806,2023-10-18,1117.0,2644.0,476.0,MODIS/061/MCD43A4
2023_10_19,-76.65099740570848,35.849517200999806,2023-10-19,1094.0,2528.0,473.0,MODIS/061/MCD43A4
2023_10_20,-76.65099740570848,35.849517200999806,2023-10-20,1084.0,2455.0,473.0,MODIS/061/MCD43A4
2023_10_21,-76.65099740570848,35.849517200999806,2023-10-21,1075.0,2414.0,477.0,MODIS/061/MCD43A4
2023_10_22,-76.65099740570848,35.849517200999806,2023-10-22,1067.0,2313.0,484.0,MODIS/061/MCD43A4
2023_10_23,-76.65099740570848,35.849517200999806,2023-10-23,1061.0,2280.0,487.0,MODIS/061/MCD43A4
2023_10_24,-76.65099740570848,35.849517200999806,2023-10-24,1054.0,2263.0,486.0,MODIS/061/MCD43A4
2023_10_25,-76.65099740570848,35.849517200999806,2023-10-25,1040.0,2191.0,489.0,MODIS/061/MCD43A4
2023_10_26,-76.65099740570848,35.849517200999806,2023-10-26,1047.0,2178.0,491.0,MODIS/061/MCD43A4
2023_10_27,-76.65099740570848,35.849517200999806,2023-10-27,1056.0,2154.0,506.0,MODIS/061/MCD43A4
2023_10_28,-76.65099740570848,35.849517200999806,2023-10-28,1062.0,2158.0,515.0,MODIS/061/MCD43A4
2023_10_29,-76.65099740570848,35.849517200999806,2023-10-29,1046.0,2097.0,511.0,MODIS/061/MCD43A4
2023_10_30,-76.65099740570848,35.849517200999806,2023-10-30,1035.0,2024.0,513.0,MODIS/061/MCD43A4
2023_10_31,-76.65099740570848,35.849517200999806,2023-10-31,1035.0,2030.0,513.0,MODIS/061/MCD43A4
2023_11_01,-76.65099740570848,35.849517200999806,2023-11-01,1070.0,2041.0,536.0,MODIS/061/MCD43A4
2023_11_02,-76.65099740570848,35.849517200999806,2023-11-02,1088.0,2061.0,545.0,MODIS/061/MCD43A4
2023_11_03,-76.65099740570848,35.849517200999806,2023-11-03,1090.0,2057.0,546.0,MODIS/061/MCD43A4
2023_11_04,-76.65099740570848,35.849517200999806,2023-11-04,1133.0,2093.0,559.0,MODIS/061/MCD43A4
2023_11_05,-76.65099740570848,35.849517200999806,2023-11-05,1130.0,2141.0,548.0,MODIS/061/MCD43A4
2023_11_06,-76.65099740570848,35.849517200999806,2023-11-06,1163.0,2161.0,560.0,MODIS/061/MCD43A4
2023_11_07,-76.65099740570848,35.849517200999806,2023-11-07,1141.0,2139.0,553.0,MODIS/061/MCD43A4
2023_11_08,-76.65099740570848,35.849517200999806,2023-11-08,1145.0,2150.0,556.0,MODIS/061/MCD43A4
2023_11_09,-76.65099740570848,35.849517200999806,2023-11-09,1142.0,2147.0,555.0,MODIS/061/MCD43A4
2023_11_10,-76.65099740570848,35.849517200999806,2023-11-10,1139.0,2143.0,556.0,MODIS/061/MCD43A4
2023_11_11,-76.65099740570848,35.849517200999806,2023-11-11,1136.0,2113.0,571.0,MODIS/061/MCD43A4
2023_11_12,-76.65099740570848,35.849517200999806,2023-11-12,1115.0,2179.0,572.0,MODIS/061/MCD43A4
2023_11_13,-76.65099740570848,35.849517200999806,2023-11-13,1109.0,2141.0,562.0,MODIS/061/MCD43A4
2023_11_14,-76.65099740570848,35.849517200999806,2023-11-14,1107.0,2124.0,566.0,MODIS/061/MCD43A4
2023_11_15,-76.65099740570848,35.849517200999806,2023-11-15,1094.0,2108.0,560.0,MODIS/061/MCD43A4
2023_11_16,-76.65099740570848,35.849517200999806,2023-11-16,1051.0,2117.0,496.0,MODIS/061/MCD43A4
2023_11_17,-76.65099740570848,35.849517200999806,2023-11-17,1038.0,2131.0,482.0,MODIS/061/MCD43A4
2023_11_18,-76.65099740570848,35.849517200999806,2023-11-18,1035.0,2127.0,480.0,MODIS/061/MCD43A4
2023_11_19,-76.65099740570848,35.849517200999806,2023-11-19,1032.0,2124.0,478.0,MODIS/061/MCD43A4
2023_11_20,-76.65099740570848,35.849517200999806,2023-11-20,990.0,2052.0,485.0,MODIS/061/MCD43A4
2023_11_21,-76.65099740570848,35.849517200999806,2023-11-21,977.0,2047.0,483.0,MODIS/061/MCD43A4
2023_11_22,-76.65099740570848,35.849517200999806,2023-11-22,946.0,1959.0,465.0,MODIS/061/MCD43A4
2023_11_23,-76.65099740570848,35.849517200999806,2023-11-23,912.0,1934.0,461.0,MODIS/061/MCD43A4
2023_11_24,-76.65099740570848,35.849517200999806,2023-11-24,909.0,1929.0,460.0,MODIS/061/MCD43A4
2023_11_25,-76.65099740570848,35.849517200999806,2023-11-25,852.0,1859.0,437.0,MODIS/061/MCD43A4
2023_11_26,-76.65099740570848,35.849517200999806,2023-11-26,817.0,1824.0,414.0,MODIS/061/MCD43A4
2023_11_27,-76.65099740570848,35.849517200999806,2023-11-27,862.0,1903.0,438.0,MODIS/061/MCD43A4
2023_11_28,-76.65099740570848,35.849517200999806,2023-11-28,830.0,1818.0,418.0,MODIS/061/MCD43A4
2023_11_29,-76.65099740570848,35.849517200999806,2023-11-29,870.0,1881.0,435.0,MODIS/061/MCD43A4
2023_11_30,-76.65099740570848,35.849517200999806,2023-11-30,878.0,1848.0,441.0,MODIS/061/MCD43A4
2023_12_01,-76.65099740570848,35.849517200999806,2023-12-01,878.0,1853.0,442.0,MODIS/061/MCD43A4
2023_12_02,-76.65099740570848,35.849517200999806,2023-12-02,890.0,1869.0,459.0,MODIS/061/MCD43A4
2023_12_03,-76.65099740570848,35.849517200999806,2023-12-03,890.0,1875.0,459.0,MODIS/061/MCD43A4
2023_12_04,-76.65099740570848,35.849517200999806,2023-12-04,882.0,1850.0,458.0,MODIS/061/MCD43A4
2023_12_05,-76.65099740570848,35.849517200999806,2023-12-05,866.0,1849.0,445.0,MODIS/061/MCD43A4
2023_12_06,-76.65099740570848,35.849517200999806,2023-12-06,878.0,1882.0,452.0,MODIS/061/MCD43A4
2023_12_07,-76.65099740570848,35.849517200999806,2023-12-07,872.0,1923.0,448.0,MODIS/061/MCD43A4
2023_12_08,-76.65099740570848,35.849517200999806,2023-12-08,871.0,2026.0,443.0,MODIS/061/MCD43A4
2023_12_09,-76.65099740570848,35.849517200999806,2023-12-09,868.0,2037.0,442.0,MODIS/061/MCD43A4
2023_12_10,-76.65099740570848,35.849517200999806,2023-12-10,866.0,2034.0,441.0,MODIS/061/MCD43A4
2023_12_11,-76.65099740570848,35.849517200999806,2023-12-11,799.0,1847.0,418.0,MODIS/061/MCD43A4
2023_12_12,-76.65099740570848,35.849517200999806,2023-12-12,803.0,1849.0,423.0,MODIS/061/MCD43A4
2023_12_13,-76.65099740570848,35.849517200999806,2023-12-13,738.0,1764.0,397.0,MODIS/061/MCD43A4
2023_12_14,-76.65099740570848,35.849517200999806,2023-12-14,736.0,1765.0,396.0,MODIS/061/MCD43A4
2023_12_15,-76.65099740570848,35.849517200999806,2023-12-15,735.0,1764.0,396.0,MODIS/061/MCD43A4
2023_12_16,-76.65099740570848,35.849517200999806,2023-12-16,725.0,1837.0,390.0,MODIS/061/MCD43A4
2023_12_17,-76.65099740570848,35.849517200999806,2023-12-17,724.0,1833.0,389.0,MODIS/061/MCD43A4
2023_12_18,-76.65099740570848,35.849517200999806,2023-12-18,724.0,1826.0,389.0,MODIS/061/MCD43A4
2023_12_19,-76.65099740570848,35.849517200999806,2023-12-19,726.0,1830.0,391.0,MODIS/061/MCD43A4
2023_12_20,-76.65099740570848,35.849517200999806,2023-12-20,730.0,1856.0,388.0,MODIS/061/MCD43A4
2023_12_21,-76.65099740570848,35.849517200999806,2023-12-21,729.0,1862.0,388.0,MODIS/061/MCD43A4
2023_12_22,-76.65099740570848,35.849517200999806,2023-12-22,730.0,1867.0,388.0,MODIS/061/MCD43A4
2023_12_23,-76.65099740570848,35.849517200999806,2023-12-23,748.0,1833.0,403.0,MODIS/061/MCD43A4
2023_12_24,-76.65099740570848,35.849517200999806,2023-12-24,758.0,1821.0,406.0,MODIS/061/MCD43A4
2023_12_25,-76.65099740570848,35.849517200999806,2023-12-25,735.0,1747.0,403.0,MODIS/061/MCD43A4
2023_12_26,-76.65099740570848,35.849517200999806,2023-12-26,744.0,1802.0,407.0,MODIS/061/MCD43A4
2023_12_27,-76.65099740570848,35.849517200999806,2023-12-27,799.0,1926.0,423.0,MODIS/061/MCD43A4
2023_12_28,-76.65099740570848,35.849517200999806,2023-12-28,791.0,1927.0,424.0,MODIS/061/MCD43A4
2023_12_29,-76.65099740570848,35.849517200999806,2023-12-29,805.0,1946.0,428.0,MODIS/061/MCD43A4
2023_12_30,-76.65099740570848,35.849517200999806,2023-12-30,808.0,1954.0,431.0,MODIS/061/MCD43A4
2023_12_31,-76.65099740570848,35.849517200999806,2023-12-31,808.0,1953.0,431.0,MODIS/061/MCD43A4
2024_01_01,-76.65099740570848,35.849517200999806,2024-01-01,806.0,1916.0,434.0,MODIS/061/MCD43A4
2024_01_02,-76.65099740570848,35.849517200999806,2024-01-02,807.0,1919.0,434.0,MODIS/061/MCD43A4
2024_01_03,-76.65099740570848,35.849517200999806,2024-01-03,829.0,1887.0,443.0,MODIS/061/MCD43A4
2024_01_04,-76.65099740570848,35.849517200999806,2024-01-04,730.0,1965.0,397.0,MODIS/061/MCD43A4
2024_01_05,-76.65099740570848,35.849517200999806,2024-01-05,729.0,1969.0,396.0,MODIS/061/MCD43A4
2024_01_06,-76.65099740570848,35.849517200999806,2024-01-06,717.0,2026.0,382.0,MODIS/061/MCD43A4
2024_01_07,-76.65099740570848,35.849517200999806,2024-01-07,724.0,2035.0,383.0,MODIS/061/MCD43A4
2024_01_08,-76.65099740570848,35.849517200999806,2024-01-08,704.0,2066.0,367.0,MODIS/061/MCD43A4
2024_01_09,-76.65099740570848,35.849517200999806,2024-01-09,678.0,2114.0,353.0,MODIS/061/MCD43A4
2024_01_10,-76.65099740570848,35.849517200999806,2024-01-10,698.0,2104.0,360.0,MODIS/061/MCD43A4
2024_01_11,-76.65099740570848,35.849517200999806,2024-01-11,729.0,2089.0,383.0,MODIS/061/MCD43A4
2024_01_12,-76.65099740570848,35.849517200999806,2024-01-12,730.0,2089.0,383.0,MODIS/061/MCD43A4
2024_01_13,-76.65099740570848,35.849517200999806,2024-01-13,747.0,2090.0,391.0,MODIS/061/MCD43A4
2024_01_14,-76.65099740570848,35.849517200999806,2024-01-14,785.0,2127.0,411.0,MODIS/061/MCD43A4
2024_01_15,-76.65099740570848,35.849517200999806,2024-01-15,789.0,2127.0,413.0,MODIS/061/MCD43A4
2024_01_16,-76.65099740570848,35.849517200999806,2024-01-16,793.0,2128.0,415.0,MODIS/061/MCD43A4
2024_01_17,-76.65099740570848,35.849517200999806,2024-01-17,796.0,2129.0,417.0,MODIS/061/MCD43A4
2024_01_18,-76.65099740570848,35.849517200999806,2024-01-18,799.0,2131.0,418.0,MODIS/061/MCD43A4
2024_01_19,-76.65099740570848,35.849517200999806,2024-01-19,802.0,2116.0,420.0,MODIS/061/MCD43A4
2024_01_20,-76.65099740570848,35.849517200999806,2024-01-20,,,,MODIS/061/MCD43A4
2024_01_21,-76.65099740570848,35.849517200999806,2024-01-21,879.0,2190.0,459.0,MODIS/061/MCD43A4
2024_01_22,-76.65099740570848,35.849517200999806,2024-01-22,925.0,2195.0,488.0,MODIS/061/MCD43A4
2024_01_23,-76.65099740570848,35.849517200999806,2024-01-23,904.0,2174.0,475.0,MODIS/061/MCD43A4
2024_01_24,-76.65099740570848,35.849517200999806,2024-01-24,904.0,2177.0,475.0,MODIS/061/MCD43A4
2024_01_25,-76.65099740570848,35.849517200999806,2024-01-25,888.0,2193.0,469.0,MODIS/061/MCD43A4
2024_01_26,-76.65099740570848,35.849517200999806,2024-01-26,864.0,2293.0,456.0,MODIS/061/MCD43A4
2024_01_27,-76.65099740570848,35.849517200999806,2024-01-27,874.0,2346.0,458.0,MODIS/061/MCD43A4
2024_01_28,-76.65099740570848,35.849517200999806,2024-01-28,866.0,2351.0,451.0,MODIS/061/MCD43A4
2024_01_29,-76.65099740570848,35.849517200999806,2024-01-29,871.0,2318.0,452.0,MODIS/061/MCD43A4
2024_01_30,-76.65099740570848,35.849517200999806,2024-01-30,883.0,2295.0,457.0,MODIS/061/MCD43A4
2024_01_31,-76.65099740570848,35.849517200999806,2024-01-31,899.0,2233.0,461.0,MODIS/061/MCD43A4
2024_02_01,-76.65099740570848,35.849517200999806,2024-02-01,903.0,2229.0,464.0,MODIS/061/MCD43A4
2024_02_02,-76.65099740570848,35.849517200999806,2024-02-02,905.0,2230.0,464.0,MODIS/061/MCD43A4
2024_02_03,-76.65099740570848,35.849517200999806,2024-02-03,906.0,2229.0,465.0,MODIS/061/MCD43A4
2024_02_04,-76.65099740570848,35.849517200999806,2024-02-04,907.0,2229.0,465.0,MODIS/061/MCD43A4
2024_02_05,-76.65099740570848,35.849517200999806,2024-02-05,910.0,2227.0,467.0,MODIS/061/MCD43A4
2024_02_06,-76.65099740570848,35.849517200999806,2024-02-06,897.0,2189.0,460.0,MODIS/061/MCD43A4
2024_02_07,-76.65099740570848,35.849517200999806,2024-02-07,820.0,2073.0,438.0,MODIS/061/MCD43A4
2024_02_08,-76.65099740570848,35.849517200999806,2024-02-08,821.0,2030.0,443.0,MODIS/061/MCD43A4
2024_02_09,-76.65099740570848,35.849517200999806,2024-02-09,818.0,2024.0,442.0,MODIS/061/MCD43A4
2024_02_10,-76.65099740570848,35.849517200999806,2024-02-10,834.0,2024.0,448.0,MODIS/061/MCD43A4
2024_02_11,-76.65099740570848,35.849517200999806,2024-02-11,820.0,1945.0,445.0,MODIS/061/MCD43A4
2024_02_12,-76.65099740570848,35.849517200999806,2024-02-12,812.0,1942.0,445.0,MODIS/061/MCD43A4
2024_02_13,-76.65099740570848,35.849517200999806,2024-02-13,812.0,1856.0,452.0,MODIS/061/MCD43A4
2024_02_14,-76.65099740570848,35.849517200999806,2024-02-14,824.0,1922.0,456.0,MODIS/061/MCD43A4
2024_02_15,-76.65099740570848,35.849517200999806,2024-02-15,796.0,1827.0,447.0,MODIS/061/MCD43A4
2024_02_16,-76.65099740570848,35.849517200999806,2024-02-16,798.0,1832.0,447.0,MODIS/061/MCD43A4
2024_02_17,-76.65099740570848,35.849517200999806,2024-02-17,772.0,1834.0,425.0,MODIS/061/MCD43A4
2024_02_18,-76.65099740570848,35.849517200999806,2024-02-18,751.0,1781.0,410.0,MODIS/061/MCD43A4
2024_02_19,-76.65099740570848,35.849517200999806,2024-02-19,770.0,1891.0,416.0,MODIS/061/MCD43A4
2024_02_20,-76.65099740570848,35.849517200999806,2024-02-20,772.0,1894.0,417.0,MODIS/061/MCD43A4
2024_02_21,-76.65099740570848,35.849517200999806,2024-02-21,773.0,1896.0,416.0,MODIS/061/MCD43A4
2024_02_22,-76.65099740570848,35.849517200999806,2024-02-22,772.0,1897.0,412.0,MODIS/061/MCD43A4
2024_02_23,-76.65099740570848,35.849517200999806,2024-02-23,824.0,1997.0,439.0,MODIS/061/MCD43A4
2024_02_24,-76.65099740570848,35.849517200999806,2024-02-24,825.0,1983.0,441.0,MODIS/061/MCD43A4
2024_02_25,-76.65099740570848,35.849517200999806,2024-02-25,825.0,1986.0,440.0,MODIS/061/MCD43A4
2024_02_26,-76.65099740570848,35.849517200999806,2024-02-26,827.0,1999.0,441.0,MODIS/061/MCD43A4
2024_02_27,-76.65099740570848,35.849517200999806,2024-02-27,828.0,1999.0,442.0,MODIS/061/MCD43A4
2024_02_28,-76.65099740570848,35.849517200999806,2024-02-28,809.0,1982.0,427.0,MODIS/061/MCD43A4
2024_02_29,-76.65099740570848,35.849517200999806,2024-02-29,790.0,1961.0,416.0,MODIS/061/MCD43A4
2024_03_01,-76.65099740570848,35.849517200999806,2024-03-01,789.0,2004.0,413.0,MODIS/061/MCD43A4
2024_03_02,-76.65099740570848,35.849517200999806,2024-03-02,795.0,2124.0,411.0,MODIS/061/MCD43A4
2024_03_03,-76.65099740570848,35.849517200999806,2024-03-03,800.0,2027.0,431.0,MODIS/061/MCD43A4
2024_03_04,-76.65099740570848,35.849517200999806,2024-03-04,714.0,1918.0,398.0,MODIS/061/MCD43A4
2024_03_05,-76.65099740570848,35.849517200999806,2024-03-05,758.0,2021.0,426.0,MODIS/061/MCD43A4
2024_03_06,-76.65099740570848,35.849517200999806,2024-03-06,758.0,1780.0,427.0,MODIS/061/MCD43A4
2024_03_07,-76.65099740570848,35.849517200999806,2024-03-07,763.0,1938.0,425.0,MODIS/061/MCD43A4
2024_03_08,-76.65099740570848,35.849517200999806,2024-03-08,763.0,1940.0,425.0,MODIS/061/MCD43A4
2024_03_09,-76.65099740570848,35.849517200999806,2024-03-09,766.0,1943.0,432.0,MODIS/061/MCD43A4
2024_03_10,-76.65099740570848,35.849517200999806,2024-03-10,766.0,1946.0,432.0,MODIS/061/MCD43A4
2024_03_11,-76.65099740570848,35.849517200999806,2024-03-11,769.0,2024.0,434.0,MODIS/061/MCD43A4
2024_03_12,-76.65099740570848,35.849517200999806,2024-03-12,822.0,2038.0,458.0,MODIS/061/MCD43A4
2024_03_13,-76.65099740570848,35.849517200999806,2024-03-13,825.0,2019.0,456.0,MODIS/061/MCD43A4
2024_03_14,-76.65099740570848,35.849517200999806,2024-03-14,827.0,2030.0,457.0,MODIS/061/MCD43A4
2024_03_15,-76.65099740570848,35.849517200999806,2024-03-15,829.0,2036.0,458.0,MODIS/061/MCD43A4
2024_03_16,-76.65099740570848,35.849517200999806,2024-03-16,831.0,2042.0,459.0,MODIS/061/MCD43A4
2024_03_17,-76.65099740570848,35.849517200999806,2024-03-17,810.0,1997.0,450.0,MODIS/061/MCD43A4
2024_03_18,-76.65099740570848,35.849517200999806,2024-03-18,799.0,2011.0,439.0,MODIS/061/MCD43A4
2024_03_19,-76.65099740570848,35.849517200999806,2024-03-19,802.0,2005.0,437.0,MODIS/061/MCD43A4
2024_03_20,-76.65099740570848,35.849517200999806,2024-03-20,846.0,2036.0,470.0,MODIS/061/MCD43A4
2024_03_21,-76.65099740570848,35.849517200999806,2024-03-21,843.0,2125.0,470.0,MODIS/061/MCD43A4
2024_03_22,-76.65099740570848,35.849517200999806,2024-03-22,818.0,2103.0,437.0,MODIS/061/MCD43A4
2024_03_23,-76.65099740570848,35.849517200999806,2024-03-23,771.0,1953.0,404.0,MODIS/061/MCD43A4
2024_03_24,-76.65099740570848,35.849517200999806,2024-03-24,768.0,1896.0,404.0,MODIS/061/MCD43A4
2024_03_25,-76.65099740570848,35.849517200999806,2024-03-25,765.0,1969.0,400.0,MODIS/061/MCD43A4
2024_03_26,-76.65099740570848,35.849517200999806,2024-03-26,764.0,1971.0,399.0,MODIS/061/MCD43A4
2024_03_27,-76.65099740570848,35.849517200999806,2024-03-27,750.0,1972.0,399.0,MODIS/061/MCD43A4
2024_03_28,-76.65099740570848,35.849517200999806,2024-03-28,698.0,2008.0,369.0,MODIS/061/MCD43A4
2024_03_29,-76.65099740570848,35.849517200999806,2024-03-29,713.0,1948.0,379.0,MODIS/061/MCD43A4
2024_03_30,-76.65099740570848,35.849517200999806,2024-03-30,714.0,1949.0,380.0,MODIS/061/MCD43A4
2024_03_31,-76.65099740570848,35.849517200999806,2024-03-31,742.0,2197.0,390.0,MODIS/061/MCD43A4
2024_04_01,-76.65099740570848,35.849517200999806,2024-04-01,764.0,2162.0,407.0,MODIS/061/MCD43A4
2024_04_02,-76.65099740570848,35.849517200999806,2024-04-02,781.0,2134.0,416.0,MODIS/061/MCD43A4
2024_04_03,-76.65099740570848,35.849517200999806,2024-04-03,796.0,2139.0,408.0,MODIS/061/MCD43A4
2024_04_04,-76.65099740570848,35.849517200999806,2024-04-04,798.0,2149.0,409.0,MODIS/061/MCD43A4
2024_04_05,-76.65099740570848,35.849517200999806,2024-04-05,834.0,2228.0,432.0,MODIS/061/MCD43A4
2024_04_06,-76.65099740570848,35.849517200999806,2024-04-06,833.0,2236.0,447.0,MODIS/061/MCD43A4
2024_04_07,-76.65099740570848,35.849517200999806,2024-04-07,869.0,2304.0,463.0,MODIS/061/MCD43A4
2024_04_08,-76.65099740570848,35.849517200999806,2024-04-08,911.0,2380.0,490.0,MODIS/061/MCD43A4
2024_04_09,-76.65099740570848,35.849517200999806,2024-04-09,928.0,2462.0,498.0,MODIS/061/MCD43A4
2024_04_10,-76.65099740570848,35.849517200999806,2024-04-10,953.0,2463.0,517.0,MODIS/061/MCD43A4
2024_04_11,-76.65099740570848,35.849517200999806,2024-04-11,988.0,2515.0,545.0,MODIS/061/MCD43A4
2024_04_12,-76.65099740570848,35.849517200999806,2024-04-12,1033.0,2562.0,564.0,MODIS/061/MCD43A4
2024_04_13,-76.65099740570848,35.849517200999806,2024-04-13,1071.0,2587.0,586.0,MODIS/061/MCD43A4
2024_04_14,-76.65099740570848,35.849517200999806,2024-04-14,1073.0,2641.0,585.0,MODIS/061/MCD43A4
2024_04_15,-76.65099740570848,35.849517200999806,2024-04-15,1077.0,2644.0,584.0,MODIS/061/MCD43A4
2024_04_16,-76.65099740570848,35.849517200999806,2024-04-16,1081.0,2404.0,590.0,MODIS/061/MCD43A4
2024_04_17,-76.65099740570848,35.849517200999806,2024-04-17,1121.0,2460.0,614.0,MODIS/061/MCD43A4
2024_04_18,-76.65099740570848,35.849517200999806,2024-04-18,1124.0,2465.0,616.0,MODIS/061/MCD43A4
2024_04_19,-76.65099740570848,35.849517200999806,2024-04-19,1132.0,2384.0,620.0,MODIS/061/MCD43A4
2024_04_20,-76.65099740570848,35.849517200999806,2024-04-20,1133.0,2377.0,621.0,MODIS/061/MCD43A4
2024_04_21,-76.65099740570848,35.849517200999806,2024-04-21,1112.0,2358.0,604.0,MODIS/061/MCD43A4
2024_04_22,-76.65099740570848,35.849517200999806,2024-04-22,1113.0,2251.0,612.0,MODIS/061/MCD43A4
2024_04_23,-76.65099740570848,35.849517200999806,2024-04-23,1119.0,2153.0,623.0,MODIS/061/MCD43A4
2024_04_24,-76.65099740570848,35.849517200999806,2024-04-24,1116.0,2162.0,620.0,MODIS/061/MCD43A4
2024_04_25,-76.65099740570848,35.849517200999806,2024-04-25,1112.0,2122.0,616.0,MODIS/061/MCD43A4
2024_04_26,-76.65099740570848,35.849517200999806,2024-04-26,1114.0,2116.0,617.0,MODIS/061/MCD43A4
2024_04_27,-76.65099740570848,35.849517200999806,2024-04-27,1094.0,2040.0,597.0,MODIS/061/MCD43A4
2024_04_28,-76.65099740570848,35.849517200999806,2024-04-28,1044.0,1953.0,577.0,MODIS/061/MCD43A4
2024_04_29,-76.65099740570848,35.849517200999806,2024-04-29,1045.0,1956.0,577.0,MODIS/061/MCD43A4
2024_04_30,-76.65099740570848,35.849517200999806,2024-04-30,1047.0,1959.0,578.0,MODIS/061/MCD43A4
2024_05_01,-76.65099740570848,35.849517200999806,2024-05-01,1079.0,1994.0,586.0,MODIS/061/MCD43A4
2024_05_02,-76.65099740570848,35.849517200999806,2024-05-02,1101.0,2032.0,592.0,MODIS/061/MCD43A4
2024_05_03,-76.65099740570848,35.849517200999806,2024-05-03,1104.0,2034.0,593.0,MODIS/061/MCD43A4
2024_05_04,-76.65099740570848,35.849517200999806,2024-05-04,1106.0,2037.0,595.0,MODIS/061/MCD43A4
2024_05_05,-76.65099740570848,35.849517200999806,2024-05-05,1085.0,2106.0,593.0,MODIS/061/MCD43A4
2024_05_06,-76.65099740570848,35.849517200999806,2024-05-06,1123.0,2163.0,593.0,MODIS/061/MCD43A4
2024_05_07,-76.65099740570848,35.849517200999806,2024-05-07,1126.0,2169.0,594.0,MODIS/061/MCD43A4
2024_05_08,-76.65099740570848,35.849517200999806,2024-05-08,1160.0,2268.0,603.0,MODIS/061/MCD43A4
2024_05_09,-76.65099740570848,35.849517200999806,2024-05-09,1162.0,2270.0,604.0,MODIS/061/MCD43A4
2024_05_10,-76.65099740570848,35.849517200999806,2024-05-10,1164.0,2271.0,605.0,MODIS/061/MCD43A4
2024_05_11,-76.65099740570848,35.849517200999806,2024-05-11,1247.0,2391.0,670.0,MODIS/061/MCD43A4
2024_05_12,-76.65099740570848,35.849517200999806,2024-05-12,1251.0,2391.0,673.0,MODIS/061/MCD43A4
2024_05_13,-76.65099740570848,35.849517200999806,2024-05-13,1136.0,2303.0,611.0,MODIS/061/MCD43A4
2024_05_14,-76.65099740570848,35.849517200999806,2024-05-14,1133.0,2244.0,609.0,MODIS/061/MCD43A4
2024_05_15,-76.65099740570848,35.849517200999806,2024-05-15,1092.0,2242.0,596.0,MODIS/061/MCD43A4
2024_05_16,-76.65099740570848,35.849517200999806,2024-05-16,1067.0,2241.0,564.0,MODIS/061/MCD43A4
2024_05_17,-76.65099740570848,35.849517200999806,2024-05-17,1036.0,2202.0,493.0,MODIS/061/MCD43A4
2024_05_18,-76.65099740570848,35.849517200999806,2024-05-18,991.0,2135.0,483.0,MODIS/061/MCD43A4
2024_05_19,-76.65099740570848,35.849517200999806,2024-05-19,989.0,2219.0,467.0,MODIS/061/MCD43A4
2024_05_20,-76.65099740570848,35.849517200999806,2024-05-20,987.0,2218.0,468.0,MODIS/061/MCD43A4
2024_05_21,-76.65099740570848,35.849517200999806,2024-05-21,987.0,2217.0,469.0,MODIS/061/MCD43A4
2024_05_22,-76.65099740570848,35.849517200999806,2024-05-22,921.0,2196.0,486.0,MODIS/061/MCD43A4
2024_05_23,-76.65099740570848,35.849517200999806,2024-05-23,905.0,2365.0,481.0,MODIS/061/MCD43A4
2024_05_24,-76.65099740570848,35.849517200999806,2024-05-24,,,,MODIS/061/MCD43A4
2024_05_25,-76.65099740570848,35.849517200999806,2024-05-25,783.0,2619.0,421.0,MODIS/061/MCD43A4
2024_05_26,-76.65099740570848,35.849517200999806,2024-05-26,781.0,2632.0,421.0,MODIS/061/MCD43A4
2024_05_27,-76.65099740570848,35.849517200999806,2024-05-27,781.0,2645.0,420.0,MODIS/061/MCD43A4
2024_05_28,-76.65099740570848,35.849517200999806,2024-05-28,780.0,2659.0,419.0,MODIS/061/MCD43A4
2024_05_29,-76.65099740570848,35.849517200999806,2024-05-29,782.0,2720.0,420.0,MODIS/061/MCD43A4
2024_05_30,-76.65099740570848,35.849517200999806,2024-05-30,754.0,2809.0,412.0,MODIS/061/MCD43A4
2024_05_31,-76.65099740570848,35.849517200999806,2024-05-31,739.0,2837.0,407.0,MODIS/061/MCD43A4
2024_06_01,-76.65099740570848,35.849517200999806,2024-06-01,740.0,3274.0,418.0,MODIS/061/MCD43A4
2024_06_02,-76.65099740570848,35.849517200999806,2024-06-02,741.0,3208.0,419.0,MODIS/061/MCD43A4
2024_06_03,-76.65099740570848,35.849517200999806,2024-06-03,738.0,3163.0,419.0,MODIS/061/MCD43A4
2024_06_04,-76.65099740570848,35.849517200999806,2024-06-04,744.0,3271.0,420.0,MODIS/061/MCD43A4
2024_06_05,-76.65099740570848,35.849517200999806,2024-06-05,746.0,3275.0,421.0,MODIS/061/MCD43A4
2024_06_06,-76.65099740570848,35.849517200999806,2024-06-06,748.0,3280.0,422.0,MODIS/061/MCD43A4
2024_06_07,-76.65099740570848,35.849517200999806,2024-06-07,839.0,3202.0,452.0,MODIS/061/MCD43A4
2024_06_08,-76.65099740570848,35.849517200999806,2024-06-08,846.0,3324.0,452.0,MODIS/061/MCD43A4
2024_06_09,-76.65099740570848,35.849517200999806,2024-06-09,932.0,3269.0,505.0,MODIS/061/MCD43A4
2024_06_10,-76.65099740570848,35.849517200999806,2024-06-10,847.0,3320.0,459.0,MODIS/061/MCD43A4
2024_06_11,-76.65099740570848,35.849517200999806,2024-06-11,849.0,3317.0,460.0,MODIS/061/MCD43A4
2024_06_12,-76.65099740570848,35.849517200999806,2024-06-12,851.0,3313.0,460.0,MODIS/061/MCD43A4
2024_06_13,-76.65099740570848,35.849517200999806,2024-06-13,853.0,3310.0,461.0,MODIS/061/MCD43A4
2024_06_14,-76.65099740570848,35.849517200999806,2024-06-14,930.0,3321.0,508.0,MODIS/061/MCD43A4
2024_06_15,-76.65099740570848,35.849517200999806,2024-06-15,937.0,3255.0,495.0,MODIS/061/MCD43A4
2024_06_16,-76.65099740570848,35.849517200999806,2024-06-16,939.0,3258.0,496.0,MODIS/061/MCD43A4
2024_06_17,-76.65099740570848,35.849517200999806,2024-06-17,969.0,3106.0,505.0,MODIS/061/MCD43A4
2024_06_18,-76.65099740570848,35.849517200999806,2024-06-18,1038.0,3162.0,533.0,MODIS/061/MCD43A4
2024_06_19,-76.65099740570848,35.849517200999806,2024-06-19,1041.0,3122.0,534.0,MODIS/061/MCD43A4
2024_06_20,-76.65099740570848,35.849517200999806,2024-06-20,1041.0,3119.0,534.0,MODIS/061/MCD43A4
2024_06_21,-76.65099740570848,35.849517200999806,2024-06-21,975.0,3234.0,497.0,MODIS/061/MCD43A4
2024_06_22,-76.65099740570848,35.849517200999806,2024-06-22,987.0,3215.0,516.0,MODIS/061/MCD43A4
2024_06_23,-76.65099740570848,35.849517200999806,2024-06-23,972.0,3296.0,509.0,MODIS/061/MCD43A4
2024_06_24,-76.65099740570848,35.849517200999806,2024-06-24,976.0,3297.0,511.0,MODIS/061/MCD43A4
2024_06_25,-76.65099740570848,35.849517200999806,2024-06-25,931.0,3277.0,466.0,MODIS/061/MCD43A4
2024_06_26,-76.65099740570848,35.849517200999806,2024-06-26,883.0,3538.0,531.0,MODIS/061/MCD43A4
2024_06_27,-76.65099740570848,35.849517200999806,2024-06-27,880.0,3550.0,529.0,MODIS/061/MCD43A4
2024_06_28,-76.65099740570848,35.849517200999806,2024-06-28,877.0,3562.0,526.0,MODIS/061/MCD43A4
2024_06_29,-76.65099740570848,35.849517200999806,2024-06-29,877.0,3570.0,527.0,MODIS/061/MCD43A4
2024_06_30,-76.65099740570848,35.849517200999806,2024-06-30,875.0,3453.0,494.0,MODIS/061/MCD43A4
2024_07_01,-76.65099740570848,35.849517200999806,2024-07-01,865.0,3670.0,514.0,MODIS/061/MCD43A4
2024_07_02,-76.65099740570848,35.849517200999806,2024-07-02,862.0,3677.0,513.0,MODIS/061/MCD43A4
2024_07_03,-76.65099740570848,35.849517200999806,2024-07-03,859.0,3684.0,513.0,MODIS/061/MCD43A4
2024_07_04,-76.65099740570848,35.849517200999806,2024-07-04,858.0,3803.0,522.0,MODIS/061/MCD43A4
2024_07_05,-76.65099740570848,35.849517200999806,2024-07-05,803.0,4081.0,512.0,MODIS/061/MCD43A4
2024_07_06,-76.65099740570848,35.849517200999806,2024-07-06,802.0,4077.0,512.0,MODIS/061/MCD43A4
2024_07_07,-76.65099740570848,35.849517200999806,2024-07-07,886.0,4125.0,288.0,MODIS/061/MCD43A4
2024_07_08,-76.65099740570848,35.849517200999806,2024-07-08,623.0,3798.0,186.0,MODIS/061/MCD43A4
2024_07_09,-76.65099740570848,35.849517200999806,2024-07-09,642.0,3784.0,325.0,MODIS/061/MCD43A4
2024_07_10,-76.65099740570848,35.849517200999806,2024-07-10,640.0,3770.0,325.0,MODIS/061/MCD43A4
2024_07_11,-76.65099740570848,35.849517200999806,2024-07-11,638.0,3756.0,324.0,MODIS/061/MCD43A4
2024_07_12,-76.65099740570848,35.849517200999806,2024-07-12,586.0,3464.0,324.0,MODIS/061/MCD43A4
2024_07_13,-76.65099740570848,35.849517200999806,2024-07-13,585.0,3460.0,323.0,MODIS/061/MCD43A4
2024_07_14,-76.65099740570848,35.849517200999806,2024-07-14,584.0,3457.0,323.0,MODIS/061/MCD43A4
2024_07_15,-76.65099740570848,35.849517200999806,2024-07-15,583.0,3453.0,323.0,MODIS/061/MCD43A4
2024_07_16,-76.65099740570848,35.849517200999806,2024-07-16,585.0,3457.0,323.0,MODIS/061/MCD43A4
2024_07_17,-76.65099740570848,35.849517200999806,2024-07-17,584.0,3453.0,323.0,MODIS/061/MCD43A4
2024_07_18,-76.65099740570848,35.849517200999806,2024-07-18,583.0,3448.0,322.0,MODIS/061/MCD43A4
2024_07_19,-76.65099740570848,35.849517200999806,2024-07-19,582.0,3444.0,322.0,MODIS/061/MCD43A4
2024_07_20,-76.65099740570848,35.849517200999806,2024-07-20,581.0,3440.0,321.0,MODIS/061/MCD43A4
2024_07_21,-76.65099740570848,35.849517200999806,2024-07-21,580.0,3581.0,321.0,MODIS/061/MCD43A4
2024_07_22,-76.65099740570848,35.849517200999806,2024-07-22,579.0,3582.0,320.0,MODIS/061/MCD43A4
2024_07_23,-76.65099740570848,35.849517200999806,2024-07-23,578.0,3582.0,320.0,MODIS/061/MCD43A4
2024_07_24,-76.65099740570848,35.849517200999806,2024-07-24,537.0,3999.0,278.0,MODIS/061/MCD43A4
2024_07_25,-76.65099740570848,35.849517200999806,2024-07-25,,,,MODIS/061/MCD43A4
2024_07_26,-76.65099740570848,35.849517200999806,2024-07-26,,,,MODIS/061/MCD43A4
2024_07_27,-76.65099740570848,35.849517200999806,2024-07-27,,,,MODIS/061/MCD43A4
2024_07_28,-76.65099740570848,35.849517200999806,2024-07-28,,,,MODIS/061/MCD43A4
2024_07_29,-76.65099740570848,35.849517200999806,2024-07-29,,,,MODIS/061/MCD43A4
2024_07_30,-76.65099740570848,35.849517200999806,2024-07-30,,,,MODIS/061/MCD43A4
2024_07_31,-76.65099740570848,35.849517200999806,2024-07-31,,,,MODIS/061/MCD43A4
2024_08_01,-76.65099740570848,35.849517200999806,2024-08-01,,,,MODIS/061/MCD43A4
2024_08_02,-76.65099740570848,35.849517200999806,2024-08-02,,,,MODIS/061/MCD43A4
2024_08_03,-76.65099740570848,35.849517200999806,2024-08-03,,,,MODIS/061/MCD43A4
2024_08_04,-76.65099740570848,35.849517200999806,2024-08-04,,,,MODIS/061/MCD43A4
2024_08_05,-76.65099740570848,35.849517200999806,2024-08-05,,,,MODIS/061/MCD43A4
2024_08_06,-76.65099740570848,35.849517200999806,2024-08-06,,,,MODIS/061/MCD43A4
2024_08_07,-76.65099740570848,35.849517200999806,2024-08-07,409.0,3058.0,253.0,MODIS/061/MCD43A4
2024_08_08,-76.65099740570848,35.849517200999806,2024-08-08,416.0,3141.0,249.0,MODIS/061/MCD43A4
2024_08_09,-76.65099740570848,35.849517200999806,2024-08-09,429.0,3177.0,259.0,MODIS/061/MCD43A4
2024_08_10,-76.65099740570848,35.849517200999806,2024-08-10,428.0,3169.0,258.0,MODIS/061/MCD43A4
2024_08_11,-76.65099740570848,35.849517200999806,2024-08-11,427.0,3161.0,257.0,MODIS/061/MCD43A4
2024_08_12,-76.65099740570848,35.849517200999806,2024-08-12,441.0,3196.0,264.0,MODIS/061/MCD43A4
2024_08_13,-76.65099740570848,35.849517200999806,2024-08-13,440.0,3187.0,263.0,MODIS/061/MCD43A4
2024_08_14,-76.65099740570848,35.849517200999806,2024-08-14,459.0,3694.0,264.0,MODIS/061/MCD43A4
2024_08_15,-76.65099740570848,35.849517200999806,2024-08-15,460.0,3694.0,264.0,MODIS/061/MCD43A4
2024_08_16,-76.65099740570848,35.849517200999806,2024-08-16,460.0,3690.0,264.0,MODIS/061/MCD43A4
2024_08_17,-76.65099740570848,35.849517200999806,2024-08-17,460.0,3687.0,263.0,MODIS/061/MCD43A4
2024_08_18,-76.65099740570848,35.849517200999806,2024-08-18,460.0,3618.0,242.0,MODIS/061/MCD43A4
2024_08_19,-76.65099740570848,35.849517200999806,2024-08-19,478.0,3511.0,259.0,MODIS/061/MCD43A4
2024_08_20,-76.65099740570848,35.849517200999806,2024-08-20,462.0,3474.0,280.0,MODIS/061/MCD43A4
2024_08_21,-76.65099740570848,35.849517200999806,2024-08-21,463.0,3468.0,280.0,MODIS/061/MCD43A4
2024_08_22,-76.65099740570848,35.849517200999806,2024-08-22,521.0,3427.0,282.0,MODIS/061/MCD43A4
2024_08_23,-76.65099740570848,35.849517200999806,2024-08-23,559.0,3396.0,306.0,MODIS/061/MCD43A4
2024_08_24,-76.65099740570848,35.849517200999806,2024-08-24,574.0,3386.0,312.0,MODIS/061/MCD43A4
2024_08_25,-76.65099740570848,35.849517200999806,2024-08-25,654.0,3426.0,322.0,MODIS/061/MCD43A4
2024_08_26,-76.65099740570848,35.849517200999806,2024-08-26,659.0,3405.0,323.0,MODIS/061/MCD43A4
2024_08_27,-76.65099740570848,35.849517200999806,2024-08-27,740.0,3258.0,364.0,MODIS/061/MCD43A4
2024_08_28,-76.65099740570848,35.849517200999806,2024-08-28,769.0,3244.0,373.0,MODIS/061/MCD43A4
2024_08_29,-76.65099740570848,35.849517200999806,2024-08-29,770.0,3236.0,374.0,MODIS/061/MCD43A4
2024_08_30,-76.65099740570848,35.849517200999806,2024-08-30,830.0,2922.0,446.0,MODIS/061/MCD43A4
2024_08_31,-76.65099740570848,35.849517200999806,2024-08-31,830.0,2919.0,446.0,MODIS/061/MCD43A4
2024_09_01,-76.65099740570848,35.849517200999806,2024-09-01,829.0,2915.0,446.0,MODIS/061/MCD43A4
2024_09_02,-76.65099740570848,35.849517200999806,2024-09-02,874.0,2952.0,443.0,MODIS/061/MCD43A4
2024_09_03,-76.65099740570848,35.849517200999806,2024-09-03,830.0,2780.0,450.0,MODIS/061/MCD43A4
2024_09_04,-76.65099740570848,35.849517200999806,2024-09-04,964.0,2857.0,468.0,MODIS/061/MCD43A4
2024_09_05,-76.65099740570848,35.849517200999806,2024-09-05,907.0,2784.0,465.0,MODIS/061/MCD43A4
2024_09_06,-76.65099740570848,35.849517200999806,2024-09-06,901.0,2770.0,462.0,MODIS/061/MCD43A4
2024_09_07,-76.65099740570848,35.849517200999806,2024-09-07,811.0,2666.0,450.0,MODIS/061/MCD43A4
2024_09_08,-76.65099740570848,35.849517200999806,2024-09-08,807.0,2655.0,447.0,MODIS/061/MCD43A4
2024_09_09,-76.65099740570848,35.849517200999806,2024-09-09,803.0,2644.0,444.0,MODIS/061/MCD43A4
2024_09_10,-76.65099740570848,35.849517200999806,2024-09-10,799.0,2521.0,425.0,MODIS/061/MCD43A4
2024_09_11,-76.65099740570848,35.849517200999806,2024-09-11,755.0,2651.0,403.0,MODIS/061/MCD43A4
2024_09_12,-76.65099740570848,35.849517200999806,2024-09-12,711.0,2703.0,385.0,MODIS/061/MCD43A4
2024_09_13,-76.65099740570848,35.849517200999806,2024-09-13,705.0,2526.0,385.0,MODIS/061/MCD43A4
2024_09_14,-76.65099740570848,35.849517200999806,2024-09-14,674.0,2566.0,365.0,MODIS/061/MCD43A4
2024_09_15,-76.65099740570848,35.849517200999806,2024-09-15,669.0,2558.0,362.0,MODIS/061/MCD43A4
2024_09_16,-76.65099740570848,35.849517200999806,2024-09-16,709.0,2208.0,383.0,MODIS/061/MCD43A4
2024_09_17,-76.65099740570848,35.849517200999806,2024-09-17,704.0,2210.0,380.0,MODIS/061/MCD43A4
2024_09_18,-76.65099740570848,35.849517200999806,2024-09-18,677.0,2329.0,367.0,MODIS/061/MCD43A4
2024_09_19,-76.65099740570848,35.849517200999806,2024-09-19,664.0,2334.0,361.0,MODIS/061/MCD43A4
2024_09_20,-76.65099740570848,35.849517200999806,2024-09-20,607.0,2294.0,355.0,MODIS/061/MCD43A4
2024_09_21,-76.65099740570848,35.849517200999806,2024-09-21,572.0,2342.0,319.0,MODIS/061/MCD43A4
2024_09_22,-76.65099740570848,35.849517200999806,2024-09-22,639.0,2251.0,337.0,MODIS/061/MCD43A4
2024_09_23,-76.65099740570848,35.849517200999806,2024-09-23,640.0,2251.0,337.0,MODIS/061/MCD43A4
2024_09_24,-76.65099740570848,35.849517200999806,2024-09-24,640.0,2247.0,337.0,MODIS/061/MCD43A4
2024_09_25,-76.65099740570848,35.849517200999806,2024-09-25,640.0,2243.0,337.0,MODIS/061/MCD43A4
2024_09_26,-76.65099740570848,35.849517200999806,2024-09-26,640.0,2242.0,337.0,MODIS/061/MCD43A4
2024_09_27,-76.65099740570848,35.849517200999806,2024-09-27,683.0,2223.0,354.0,MODIS/061/MCD43A4
2024_09_28,-76.65099740570848,35.849517200999806,2024-09-28,680.0,2220.0,353.0,MODIS/061/MCD43A4
2024_09_29,-76.65099740570848,35.849517200999806,2024-09-29,683.0,2253.0,350.0,MODIS/061/MCD43A4
2024_09_30,-76.65099740570848,35.849517200999806,2024-09-30,609.0,2586.0,335.0,MODIS/061/MCD43A4
2024_10_01,-76.65099740570848,35.849517200999806,2024-10-01,606.0,2538.0,334.0,MODIS/061/MCD43A4
2024_10_02,-76.65099740570848,35.849517200999806,2024-10-02,604.0,2640.0,339.0,MODIS/061/MCD43A4
2024_10_03,-76.65099740570848,35.849517200999806,2024-10-03,609.0,2633.0,341.0,MODIS/061/MCD43A4
2024_10_04,-76.65099740570848,35.849517200999806,2024-10-04,592.0,2709.0,339.0,MODIS/061/MCD43A4
2024_10_05,-76.65099740570848,35.849517200999806,2024-10-05,614.0,2812.0,347.0,MODIS/061/MCD43A4
2024_10_06,-76.65099740570848,35.849517200999806,2024-10-06,611.0,2771.0,345.0,MODIS/061/MCD43A4
2024_10_07,-76.65099740570848,35.849517200999806,2024-10-07,614.0,2858.0,346.0,MODIS/061/MCD43A4
2024_10_08,-76.65099740570848,35.849517200999806,2024-10-08,615.0,2970.0,355.0,MODIS/061/MCD43A4
2024_10_09,-76.65099740570848,35.849517200999806,2024-10-09,615.0,2969.0,355.0,MODIS/061/MCD43A4
2024_10_10,-76.65099740570848,35.849517200999806,2024-10-10,629.0,2997.0,360.0,MODIS/061/MCD43A4
2024_10_11,-76.65099740570848,35.849517200999806,2024-10-11,630.0,2998.0,359.0,MODIS/061/MCD43A4
2024_10_12,-76.65099740570848,35.849517200999806,2024-10-12,649.0,3014.0,369.0,MODIS/061/MCD43A4
2024_10_13,-76.65099740570848,35.849517200999806,2024-10-13,659.0,3110.0,378.0,MODIS/061/MCD43A4
2024_10_14,-76.65099740570848,35.849517200999806,2024-10-14,662.0,3128.0,342.0,MODIS/061/MCD43A4
2024_10_15,-76.65099740570848,35.849517200999806,2024-10-15,673.0,3102.0,347.0,MODIS/061/MCD43A4
2024_10_16,-76.65099740570848,35.849517200999806,2024-10-16,712.0,3098.0,387.0,MODIS/061/MCD43A4
2024_10_17,-76.65099740570848,35.849517200999806,2024-10-17,720.0,3106.0,397.0,MODIS/061/MCD43A4
2024_10_18,-76.65099740570848,35.849517200999806,2024-10-18,745.0,3087.0,403.0,MODIS/061/MCD43A4
2024_10_19,-76.65099740570848,35.849517200999806,2024-10-19,746.0,3109.0,403.0,MODIS/061/MCD43A4
2024_10_20,-76.65099740570848,35.849517200999806,2024-10-20,756.0,3086.0,408.0,MODIS/061/MCD43A4
2024_10_21,-76.65099740570848,35.849517200999806,2024-10-21,764.0,3061.0,414.0,MODIS/061/MCD43A4
2024_10_22,-76.65099740570848,35.849517200999806,2024-10-22,763.0,3086.0,411.0,MODIS/061/MCD43A4
2024_10_23,-76.65099740570848,35.849517200999806,2024-10-23,782.0,3070.0,420.0,MODIS/061/MCD43A4
2024_10_24,-76.65099740570848,35.849517200999806,2024-10-24,803.0,3033.0,430.0,MODIS/061/MCD43A4
2024_10_25,-76.65099740570848,35.849517200999806,2024-10-25,790.0,2991.0,423.0,MODIS/061/MCD43A4
2024_10_26,-76.65099740570848,35.849517200999806,2024-10-26,800.0,2960.0,430.0,MODIS/061/MCD43A4
2024_10_27,-76.65099740570848,35.849517200999806,2024-10-27,794.0,2888.0,423.0,MODIS/061/MCD43A4
2024_10_28,-76.65099740570848,35.849517200999806,2024-10-28,803.0,2845.0,426.0,MODIS/061/MCD43A4
2024_10_29,-76.65099740570848,35.849517200999806,2024-10-29,800.0,2833.0,425.0,MODIS/061/MCD43A4
2024_10_30,-76.65099740570848,35.849517200999806,2024-10-30,804.0,2792.0,425.0,MODIS/061/MCD43A4
2024_10_31,-76.65099740570848,35.849517200999806,2024-10-31,799.0,2794.0,426.0,MODIS/061/MCD43A4
2024_11_01,-76.65099740570848,35.849517200999806,2024-11-01,779.0,2695.0,410.0,MODIS/061/MCD43A4
2024_11_02,-76.65099740570848,35.849517200999806,2024-11-02,764.0,2559.0,391.0,MODIS/061/MCD43A4
2024_11_03,-76.65099740570848,35.849517200999806,2024-11-03,774.0,2500.0,395.0,MODIS/061/MCD43A4
2024_11_04,-76.65099740570848,35.849517200999806,2024-11-04,772.0,2489.0,394.0,MODIS/061/MCD43A4
2024_11_05,-76.65099740570848,35.849517200999806,2024-11-05,756.0,2553.0,392.0,MODIS/061/MCD43A4
2024_11_06,-76.65099740570848,35.849517200999806,2024-11-06,753.0,2562.0,386.0,MODIS/061/MCD43A4
2024_11_07,-76.65099740570848,35.849517200999806,2024-11-07,769.0,2361.0,396.0,MODIS/061/MCD43A4
2024_11_08,-76.65099740570848,35.849517200999806,2024-11-08,767.0,2354.0,395.0,MODIS/061/MCD43A4
2024_11_09,-76.65099740570848,35.849517200999806,2024-11-09,734.0,2349.0,370.0,MODIS/061/MCD43A4
2024_11_10,-76.65099740570848,35.849517200999806,2024-11-10,725.0,2387.0,368.0,MODIS/061/MCD43A4
2024_11_11,-76.65099740570848,35.849517200999806,2024-11-11,714.0,2531.0,363.0,MODIS/061/MCD43A4
2024_11_12,-76.65099740570848,35.849517200999806,2024-11-12,717.0,2575.0,369.0,MODIS/061/MCD43A4
2024_11_13,-76.65099740570848,35.849517200999806,2024-11-13,715.0,2578.0,368.0,MODIS/061/MCD43A4
2024_11_14,-76.65099740570848,35.849517200999806,2024-11-14,689.0,2627.0,351.0,MODIS/061/MCD43A4
2024_11_15,-76.65099740570848,35.849517200999806,2024-11-15,691.0,2620.0,352.0,MODIS/061/MCD43A4
2024_11_16,-76.65099740570848,35.849517200999806,2024-11-16,692.0,2605.0,354.0,MODIS/061/MCD43A4
2024_11_17,-76.65099740570848,35.849517200999806,2024-11-17,718.0,2783.0,371.0,MODIS/061/MCD43A4
2024_11_18,-76.65099740570848,35.849517200999806,2024-11-18,721.0,2819.0,367.0,MODIS/061/MCD43A4
2024_11_19,-76.65099740570848,35.849517200999806,2024-11-19,685.0,2883.0,348.0,MODIS/061/MCD43A4
2024_11_20,-76.65099740570848,35.849517200999806,2024-11-20,686.0,2873.0,348.0,MODIS/061/MCD43A4
2024_11_21,-76.65099740570848,35.849517200999806,2024-11-21,695.0,2761.0,350.0,MODIS/061/MCD43A4
2024_11_22,-76.65099740570848,35.849517200999806,2024-11-22,611.0,2425.0,350.0,MODIS/061/MCD43A4
2024_11_23,-76.65099740570848,35.849517200999806,2024-11-23,626.0,2453.0,350.0,MODIS/061/MCD43A4
2024_11_24,-76.65099740570848,35.849517200999806,2024-11-24,623.0,2440.0,349.0,MODIS/061/MCD43A4
2024_11_25,-76.65099740570848,35.849517200999806,2024-11-25,654.0,2413.0,364.0,MODIS/061/MCD43A4
2024_11_26,-76.65099740570848,35.849517200999806,2024-11-26,676.0,2413.0,377.0,MODIS/061/MCD43A4
2024_11_27,-76.65099740570848,35.849517200999806,2024-11-27,710.0,2354.0,378.0,MODIS/061/MCD43A4
2024_11_28,-76.65099740570848,35.849517200999806,2024-11-28,724.0,2373.0,388.0,MODIS/061/MCD43A4
2024_11_29,-76.65099740570848,35.849517200999806,2024-11-29,722.0,2362.0,388.0,MODIS/061/MCD43A4
2024_11_30,-76.65099740570848,35.849517200999806,2024-11-30,747.0,2356.0,396.0,MODIS/061/MCD43A4
2024_12_01,-76.65099740570848,35.849517200999806,2024-12-01,770.0,2406.0,407.0,MODIS/061/MCD43A4
2024_12_02,-76.65099740570848,35.849517200999806,2024-12-02,777.0,2417.0,408.0,MODIS/061/MCD43A4
2024_12_03,-76.65099740570848,35.849517200999806,2024-12-03,781.0,2425.0,408.0,MODIS/061/MCD43A4
2024_12_04,-76.65099740570848,35.849517200999806,2024-12-04,790.0,2388.0,420.0,MODIS/061/MCD43A4
2024_12_05,-76.65099740570848,35.849517200999806,2024-12-05,800.0,2382.0,417.0,MODIS/061/MCD43A4
2024_12_06,-76.65099740570848,35.849517200999806,2024-12-06,802.0,2384.0,417.0,MODIS/061/MCD43A4
2024_12_07,-76.65099740570848,35.849517200999806,2024-12-07,813.0,2405.0,417.0,MODIS/061/MCD43A4
2024_12_08,-76.65099740570848,35.849517200999806,2024-12-08,875.0,2424.0,417.0,MODIS/061/MCD43A4
2024_12_09,-76.65099740570848,35.849517200999806,2024-12-09,898.0,2371.0,432.0,MODIS/061/MCD43A4
2024_12_10,-76.65099740570848,35.849517200999806,2024-12-10,899.0,2356.0,434.0,MODIS/061/MCD43A4
2024_12_11,-76.65099740570848,35.849517200999806,2024-12-11,894.0,2389.0,423.0,MODIS/061/MCD43A4
2024_12_12,-76.65099740570848,35.849517200999806,2024-12-12,900.0,2373.0,424.0,MODIS/061/MCD43A4
2024_12_13,-76.65099740570848,35.849517200999806,2024-12-13,902.0,2406.0,420.0,MODIS/061/MCD43A4
2024_12_14,-76.65099740570848,35.849517200999806,2024-12-14,904.0,2255.0,419.0,MODIS/061/MCD43A4
2024_12_15,-76.65099740570848,35.849517200999806,2024-12-15,902.0,2253.0,431.0,MODIS/061/MCD43A4
2024_12_16,-76.65099740570848,35.849517200999806,2024-12-16,886.0,2176.0,433.0,MODIS/061/MCD43A4
2024_12_17,-76.65099740570848,35.849517200999806,2024-12-17,821.0,2112.0,416.0,MODIS/061/MCD43A4
2024_12_18,-76.65099740570848,35.849517200999806,2024-12-18,856.0,2174.0,428.0,MODIS/061/MCD43A4
2024_12_19,-76.65099740570848,35.849517200999806,2024-12-19,848.0,2122.0,400.0,MODIS/061/MCD43A4
2024_12_20,-76.65099740570848,35.849517200999806,2024-12-20,847.0,2117.0,399.0,MODIS/061/MCD43A4
2024_12_21,-76.65099740570848,35.849517200999806,2024-12-21,854.0,2125.0,397.0,MODIS/061/MCD43A4
2024_12_22,-76.65099740570848,35.849517200999806,2024-12-22,853.0,2120.0,397.0,MODIS/061/MCD43A4
2024_12_23,-76.65099740570848,35.849517200999806,2024-12-23,806.0,1943.0,390.0,MODIS/061/MCD43A4
2024_12_24,-76.65099740570848,35.849517200999806,2024-12-24,835.0,2018.0,410.0,MODIS/061/MCD43A4
2024_12_25,-76.65099740570848,35.849517200999806,2024-12-25,829.0,2002.0,406.0,MODIS/061/MCD43A4
2024_12_26,-76.65099740570848,35.849517200999806,2024-12-26,839.0,2029.0,409.0,MODIS/061/MCD43A4
2024_12_27,-76.65099740570848,35.849517200999806,2024-12-27,839.0,2002.0,408.0,MODIS/061/MCD43A4
2024_12_28,-76.65099740570848,35.849517200999806,2024-12-28,839.0,1953.0,408.0,MODIS/061/MCD43A4
2024_12_29,-76.65099740570848,35.849517200999806,2024-12-29,857.0,1967.0,417.0,MODIS/061/MCD43A4
2024_12_30,-76.65099740570848,35.849517200999806,2024-12-30,859.0,1964.0,418.0,MODIS/061/MCD43A4
2024_12_31,-76.65099740570848,35.849517200999806,2024-12-31,856.0,2036.0,413.0,MODIS/061/MCD43A4
